-- MySQL dump 10.13  Distrib 8.0.29, for macos12 (x86_64)
--
-- Host: 127.0.0.1    Database: 090bravo_inc
-- ------------------------------------------------------
-- Server version	8.0.33

/*!40101 SET @OLD_CHARACTER_SET_CLIENT=@@CHARACTER_SET_CLIENT */;
/*!40101 SET @OLD_CHARACTER_SET_RESULTS=@@CHARACTER_SET_RESULTS */;
/*!40101 SET @OLD_COLLATION_CONNECTION=@@COLLATION_CONNECTION */;
/*!50503 SET NAMES utf8 */;
/*!40103 SET @OLD_TIME_ZONE=@@TIME_ZONE */;
/*!40103 SET TIME_ZONE='+00:00' */;
/*!40014 SET @OLD_UNIQUE_CHECKS=@@UNIQUE_CHECKS, UNIQUE_CHECKS=0 */;
/*!40014 SET @OLD_FOREIGN_KEY_CHECKS=@@FOREIGN_KEY_CHECKS, FOREIGN_KEY_CHECKS=0 */;
/*!40101 SET @OLD_SQL_MODE=@@SQL_MODE, SQL_MODE='NO_AUTO_VALUE_ON_ZERO' */;
/*!40111 SET @OLD_SQL_NOTES=@@SQL_NOTES, SQL_NOTES=0 */;

--
-- Table structure for table `blog_translates`
--

DROP TABLE IF EXISTS `blog_translates`;
/*!40101 SET @saved_cs_client     = @@character_set_client */;
/*!50503 SET character_set_client = utf8mb4 */;
CREATE TABLE `blog_translates` (
  `id` int unsigned NOT NULL AUTO_INCREMENT,
  `blog_id` int unsigned NOT NULL,
  `language_code` varchar(5) CHARACTER SET utf8mb4 COLLATE utf8mb4_unicode_ci NOT NULL,
  `title` varchar(255) CHARACTER SET utf8mb4 COLLATE utf8mb4_unicode_ci NOT NULL,
  `content` text CHARACTER SET utf8mb4 COLLATE utf8mb4_unicode_ci NOT NULL,
  `description` varchar(2000) CHARACTER SET utf8mb4 COLLATE utf8mb4_unicode_ci NOT NULL,
  PRIMARY KEY (`id`),
  KEY `blog_translates_blog_id_foreign` (`blog_id`),
  KEY `blog_translates_language_code_foreign` (`language_code`),
  CONSTRAINT `blog_translates_blog_id_foreign` FOREIGN KEY (`blog_id`) REFERENCES `blogs` (`id`) ON DELETE CASCADE,
  CONSTRAINT `blog_translates_language_code_foreign` FOREIGN KEY (`language_code`) REFERENCES `languages` (`language_code`) ON DELETE CASCADE
) ENGINE=InnoDB AUTO_INCREMENT=21 DEFAULT CHARSET=utf8mb4 COLLATE=utf8mb4_unicode_ci;
/*!40101 SET character_set_client = @saved_cs_client */;

--
-- Dumping data for table `blog_translates`
--

LOCK TABLES `blog_translates` WRITE;
/*!40000 ALTER TABLE `blog_translates` DISABLE KEYS */;
INSERT INTO `blog_translates` VALUES (1,1,'en','Launching Bravo Academy - Dinosaur Academy 4.0','<p>Launching Bravo Academy - Dinosaur Academy 4.0</p>','Launching Bravo Academy - Dinosaur Academy 4.0'),(2,1,'vi','Ra mắt Bravo Academy - Học Viện Khủng Long 4.0','<div class=\"article_content\">\r\n            <div class=\"t_container article_content_wrapper\">\r\n                <p dir=\"ltr\"><b id=\"docs-internal-guid-be04f5b1-7fff-0450-1283-b9c0022a8fa7\">Với mục đích chia sẻ kiến thức và nâng cao kỹ năng của mỗi cá nhân tại Sonat, Sonat Academy - Học viện Khủng Long 4.0 chính thức được thành lập và đưa vào hoạt động bắt đầu từ Tháng 7 - năm 2022. Học viện xây dựng hệ thống lớp học từ cơ bản tới nâng cao, do đó các Sonat-ers có thể dễ dàng lựa chọn khóa học phù hợp với nhu cầu và đam mê của mình.&nbsp;</b></p><div tabindex=\"-1\" contenteditable=\"false\" data-cke-widget-wrapper=\"1\" data-cke-filter=\"off\" class=\"cke_widget_wrapper cke_widget_block cke_widget_image\" data-cke-display-name=\"ảnh\" data-cke-widget-id=\"2\" role=\"region\" aria-label=\" ảnh widget\" style=\"text-align: center;\"><figure class=\"image cke_widget_element\" data-cke-widget-keep-attr=\"0\" data-widget=\"image\" data-cke-widget-data=\"%7B%22hasCaption%22%3Atrue%2C%22src%22%3A%22%2Fpublic%2Fbackend%2Fuploads%2Fimages%2FPA1(2).png%22%2C%22alt%22%3A%22%22%2C%22width%22%3A%22800%22%2C%22height%22%3A%22800%22%2C%22lock%22%3Atrue%2C%22align%22%3A%22center%22%2C%22classes%22%3A%7B%7D%7D\" style=\"display: inline-block;\"><span class=\"cke_image_resizer_wrapper\"><img alt=\"\" src=\"http://127.0.0.1:8000/assets/img/blog/PA1.png\" width=\"800\" height=\"800\">;<span class=\"cke_image_resizer\" title=\"Kéo rê để thay đổi kích cỡ\">​</span></span><figcaption contenteditable=\"true\" data-cke-widget-editable=\"caption\" data-cke-enter-mode=\"2\" data-cke-filter=\"303\" class=\"cke_widget_editable\" data-cke-display-name=\"chú thích\">Slogan mang ý nghĩa đặc biệt của&nbsp;Sonat Academy :\"Light Up Our Potential Together\"</figcaption></figure><span class=\"cke_reset cke_widget_drag_handler_container\" style=\"background: url(&quot;https://sonat.vn/backend/plugins/ckeditor/plugins/widget/images/handle.png&quot;) rgba(220, 220, 220, 0.5); top: -5px; left: 364px; display: block;\"><img class=\"cke_reset cke_widget_drag_handler\" data-cke-widget-drag-handler=\"1\" src=\"data:image/gif;base64,R0lGODlhAQABAPABAP///wAAACH5BAEKAAAALAAAAAABAAEAAAICRAEAOw==\" width=\"15\" title=\"Nhấp chuột và kéo để di chuyển\" height=\"15\" role=\"presentation\"></span></div><p dir=\"ltr\"><b id=\"docs-internal-guid-c1fe3aeb-7fff-37e9-dd1b-4c989571033a\">Tất cả các lớp học tại Sonat Academy đều sẽ được giảng dạy bởi chính những thành viên chủ chốt và tài năng trong đại gia đình Sonat. Nếu như lớp Thiết Kế được anh Nguyễn Ngọc Huy - leader Design Team giảng dạy thì tại lớp Video Editor, vị trí đó thuộc về leader Video Team - Anh Nguyễn Đăng Tâm. Đó là hai lớp học đầu tiên khai giảng tại Học viện và đều sẽ diễn ra trong Tháng 7/2022.&nbsp;</b><br><br></p><div tabindex=\"-1\" contenteditable=\"false\" data-cke-widget-wrapper=\"1\" data-cke-filter=\"off\" class=\"cke_widget_wrapper cke_widget_block cke_widget_image cke_image_nocaption\" data-cke-display-name=\"ảnh\" data-cke-widget-id=\"1\" role=\"region\" aria-label=\" ảnh widget\"><div data-cke-widget-keep-attr=\"0\" data-widget=\"image\" class=\"cke_widget_element\" data-cke-widget-data=\"%7B%22hasCaption%22%3Afalse%2C%22src%22%3A%22%2Fpublic%2Fbackend%2Fuploads%2Fimages%2FM%25C3%25A0u%2520cam%2520v%25C3%25A0%2520M%25C3%25A0u%2520h%25E1%25BB%2593ng%2520%25C4%2591%25C3%25A0o%2520%25C4%2590%25E1%25BB%2593%2520h%25E1%25BB%258Da%2520ph%25E1%25BA%25B3ng%2520Tr%25E1%25BA%25A1ng%2520th%25C3%25A1i%2520c%25E1%25BB%25A7a%2520V%25E1%25BA%25ADt%2520ch%25E1%25BA%25A5t%2520H%25C3%25B3a%2520h%25E1%25BB%258Dc%2520%25C4%2590%25E1%25BB%2593%2520h%25E1%25BB%258Da%2520Th%25C3%25B4ng%2520tin.png%22%2C%22alt%22%3A%22%22%2C%22width%22%3A%22800%22%2C%22height%22%3A%221091%22%2C%22lock%22%3Atrue%2C%22align%22%3A%22center%22%2C%22classes%22%3Anull%7D\" style=\"text-align: center;\"><span class=\"cke_image_resizer_wrapper\"><img alt=\"\" src=\"http://127.0.0.1:8000/assets/img/blog/PA2.png\" data-cke-saved-src=\"/public/backend/uploads/images/M%C3%A0u%20cam%20v%C3%A0%20M%C3%A0u%20h%E1%BB%93ng%20%C4%91%C3%A0o%20%C4%90%E1%BB%93%20h%E1%BB%8Da%20ph%E1%BA%B3ng%20Tr%E1%BA%A1ng%20th%C3%A1i%20c%E1%BB%A7a%20V%E1%BA%ADt%20ch%E1%BA%A5t%20H%C3%B3a%20h%E1%BB%8Dc%20%C4%90%E1%BB%93%20h%E1%BB%8Da%20Th%C3%B4ng%20tin.png\" width=\"800\" height=\"1091\" &gt;<span=\"\" class=\"cke_image_resizer\" title=\"Kéo rê để thay đổi kích cỡ\">​</span></div><span class=\"cke_reset cke_widget_drag_handler_container\" style=\"background: url(&quot;https://sonat.vn/backend/plugins/ckeditor/plugins/widget/images/handle.png&quot;) rgba(220, 220, 220, 0.5); top: -15px; left: 0px; display: block;\"><img class=\"cke_reset cke_widget_drag_handler\" data-cke-widget-drag-handler=\"1\" src=\"data:image/gif;base64,R0lGODlhAQABAPABAP///wAAACH5BAEKAAAALAAAAAABAAEAAAICRAEAOw==\" width=\"15\" title=\"Nhấp chuột và kéo để di chuyển\" height=\"15\" role=\"presentation\"></span></div><p dir=\"ltr\"><br><b id=\"docs-internal-guid-f853c341-7fff-66cb-5003-570292d3d5ae\">Sau khi đón nhận thông tin đầy bất ngờ này, phấn khích và hứng khởi là những cảm xúc lúc bấy giờ của anh/chị/em toàn thể công ty. Rất nhiều thành viên Sonat đã hăng hái ghi danh tham gia lớp học ngay từ khi cổng đăng ký được mở. Bạn Nguyễn Phương Thảo - một thành viên Playable Ads Team chia sẻ:“<em>Mình có lẽ là những một trong những thành viên đầu tiên đăng ký tham gia cả 2 lớp đó (cười). Mình tin rằng mô hình lớp học nội bộ này sẽ mang lại cho học viên nhiều trải nghiệm bổ ích!</em>”</b><br><br><!--{cke_protected}%3Cmeta%20charset%3D%22utf-8%22%20%2F%3E--><b id=\"docs-internal-guid-e422ee28-7fff-4b33-9f95-946d12b08a13\">Cuối cùng, vào ngày 5/7 vừa qua, Sonat Academy đã khai giảng lớp học đầu tiên - lớp Thiết Kế. Buổi học đầu diễn ra trong không khí sôi nổi và tràn ngập sự hào hứng của tất cả các Sonat-ers. Với thời lượng 60 phút, anh Huy Nguyễn cùng đội trợ giảng tới từ Creative Team đã truyền tải tới học viên những kiến thức và kỹ năng chuyên môn bằng phong cách giảng dạy dí dỏm và duyên dáng.</b></p><div tabindex=\"-1\" contenteditable=\"false\" data-cke-widget-wrapper=\"1\" data-cke-filter=\"off\" class=\"cke_widget_wrapper cke_widget_block cke_widget_image\" data-cke-display-name=\"ảnh\" data-cke-widget-id=\"0\" role=\"region\" aria-label=\" ảnh widget\" style=\"text-align: center;\"><figure class=\"image cke_widget_element\" data-cke-widget-keep-attr=\"0\" data-widget=\"image\" data-cke-widget-data=\"%7B%22hasCaption%22%3Atrue%2C%22src%22%3A%22%2Fpublic%2Fbackend%2Fuploads%2Fimages%2F%255BL%25E1%25BB%258Dc%255D(2).jpg%22%2C%22alt%22%3A%22%22%2C%22width%22%3A%22800%22%2C%22height%22%3A%22600%22%2C%22lock%22%3Atrue%2C%22align%22%3A%22center%22%2C%22classes%22%3A%7B%7D%7D\" style=\"display: inline-block;\"><span class=\"cke_image_resizer_wrapper\"><img alt=\"\" src=\"http://127.0.0.1:8000/assets/img/blog/1684740850-img.jpg\" data-cke-saved-src=\"/public/backend/uploads/images/%5BL%E1%BB%8Dc%5D(2).jpg\" width=\"800\" height=\"600\"><span class=\"cke_image_resizer\" title=\"Kéo rê để thay đổi kích cỡ\">​</span></span><figcaption contenteditable=\"true\" data-cke-widget-editable=\"caption\" data-cke-enter-mode=\"2\" data-cke-filter=\"303\" class=\"cke_widget_editable cke_widget_editable_focused\" data-cke-display-name=\"chú thích\">Design - Lớp học đầu tiên khai giảng tại Sonat Academy.</figcaption></figure><span class=\"cke_reset cke_widget_drag_handler_container\" style=\"background: url(&quot;https://sonat.vn/backend/plugins/ckeditor/plugins/widget/images/handle.png&quot;) rgba(220, 220, 220, 0.5); top: -5px; left: 364px; display: block;\"><img class=\"cke_reset cke_widget_drag_handler\" data-cke-widget-drag-handler=\"1\" src=\"data:image/gif;base64,R0lGODlhAQABAPABAP///wAAACH5BAEKAAAALAAAAAABAAEAAAICRAEAOw==\" width=\"15\" title=\"Nhấp chuột và kéo để di chuyển\" height=\"15\" role=\"presentation\"></span></div>\r\n            </div>\r\n        </div>','Ra mắt Bravo Academy - Học Viện Khủng Long 4.0'),(3,2,'en','Ra mắt Sonat Academy - Học Viện Khủng Long 4.5','<p>&nbsp;Ra mắt Sonat Academy - Học Viện Khủng Long 4.5</p>','Ra mắt Sonat Academy - Học Viện Khủng Long 4.5'),(4,2,'vi','Ra mắt Sonat Academy - Học Viện Khủng Long 4.5','<p>&nbsp;Ra mắt Sonat Academy - Học Viện Khủng Long 4.5</p>','Ra mắt Sonat Academy - Học Viện Khủng Long 4.5'),(5,3,'en','Ra mắt Bravo Academy - Học Viện Khủng Long 4.5','<p>&nbsp;Ra mắt Bravo Academy - Học Viện Khủng Long 4.5</p>','Ra mắt Bravo Academy - Học Viện Khủng Long 4.5'),(6,3,'vi','Ra mắt Bravo Academy - Học Viện Khủng Long 4.5','<p>&nbsp;Ra mắt Bravo Academy - Học Viện Khủng Long 4.5</p>','Ra mắt Bravo Academy - Học Viện Khủng Long 4.5'),(7,4,'en','Chuyến đi Sapa 3 ngày 2 đêm vào đầu tháng 10 vừa qua để lại biết bao kỉ niệm đáng nhớ trong lòng Sonaters. Đi để trở về, đi để thêm thấu hiểu và gắn kết','<p dir=\"ltr\" style=\"padding: 0px; border: 0px; font-variant-numeric: inherit; font-variant-east-asian: inherit; font-variant-alternates: inherit; font-stretch: inherit; font-size: 18px; line-height: inherit; font-family: SFPRO, Fallback, sans-serif; font-optical-sizing: inherit; font-kerning: inherit; font-feature-settings: inherit; font-variation-settings: inherit; vertical-align: baseline; letter-spacing: -0.108px; color: rgb(0, 11, 37); text-align: justify;\">Chúng mình khởi hành vào đêm ngày 1/10 và có mặt tại thị trấn Sa Pa vào sáng hôm sau. Cả đoàn nghỉ ngơi ăn sáng và chuẩn bị check in resort. Chúng mình ở tại Sapa Jade Hill Resort, một trong những khu nghỉ dưỡng cao cấp nhất tại đây.<br></p><div tabindex=\"-1\" contenteditable=\"false\" data-cke-widget-wrapper=\"1\" data-cke-filter=\"off\" class=\"cke_widget_wrapper cke_widget_block cke_widget_image\" data-cke-display-name=\"ảnh\" data-cke-widget-id=\"5\" role=\"region\" aria-label=\" ảnh widget\" style=\"margin: 0px; padding: 0px; border: 0px; font-variant-numeric: inherit; font-variant-east-asian: inherit; font-variant-alternates: inherit; font-stretch: inherit; font-size: 18px; line-height: inherit; font-family: SFPRO, Fallback, sans-serif; font-optical-sizing: inherit; font-kerning: inherit; font-feature-settings: inherit; font-variation-settings: inherit; vertical-align: baseline; letter-spacing: -0.108px; color: rgb(0, 11, 37); text-align: center;\"><figure class=\"image cke_widget_element\" data-cke-widget-keep-attr=\"0\" data-widget=\"image\" data-cke-widget-data=\"%7B%22hasCaption%22%3Atrue%2C%22src%22%3A%22%2Fpublic%2Fbackend%2Fuploads%2Fimages%2Fjade%2520hill.jpg%22%2C%22alt%22%3A%22%22%2C%22width%22%3A%22%22%2C%22height%22%3A%22%22%2C%22lock%22%3Atrue%2C%22align%22%3A%22center%22%2C%22classes%22%3A%7B%7D%7D\" style=\"margin-top: 32px; margin-bottom: 32px; padding: 0px; border: 0px; font: inherit; vertical-align: baseline; letter-spacing: -0.006em; display: inline-block;\"><span class=\"cke_image_resizer_wrapper\" style=\"margin: 0px; padding: 0px; border: 0px; font: inherit; vertical-align: baseline; letter-spacing: -0.006em;\"><img alt=\"\" src=\"file:///D:/Xampp/htdocs/sonat.vn/public/backend/uploads/images/jade%20hill.jpg\" data-cke-saved-src=\"/public/backend/uploads/images/jade%20hill.jpg\" data-cke-widget-upcasted=\"1\" style=\"margin: 0px; padding: 0px; border: 0px; font: inherit; vertical-align: baseline; letter-spacing: -0.006em; display: unset; max-width: 100%; height: 428px; width: 760px;\"><span class=\"cke_image_resizer\" title=\"Kéo rê để thay đổi kích cỡ\" style=\"margin: 0px; padding: 0px; border: 0px; font: inherit; vertical-align: baseline; letter-spacing: -0.006em;\">​</span></span><figcaption contenteditable=\"true\" data-cke-widget-editable=\"caption\" data-cke-enter-mode=\"2\" data-cke-filter=\"301\" class=\"cke_widget_editable\" data-cke-display-name=\"chú thích\" style=\"margin: 0px; padding: 0px; border: 0px; font-style: italic; font-variant: inherit; font-weight: inherit; font-stretch: inherit; font-size: inherit; line-height: inherit; font-family: inherit; font-optical-sizing: inherit; font-kerning: inherit; font-feature-settings: inherit; font-variation-settings: inherit; vertical-align: baseline; letter-spacing: -0.006em; display: inline-block; outline: transparent solid 0px;\">View ngắm cảnh cực chill tại Sapa Jade Hill Resort</figcaption></figure></div><p style=\"padding: 0px; border: 0px; font-variant-numeric: inherit; font-variant-east-asian: inherit; font-variant-alternates: inherit; font-stretch: inherit; font-size: 18px; line-height: inherit; font-family: SFPRO, Fallback, sans-serif; font-optical-sizing: inherit; font-kerning: inherit; font-feature-settings: inherit; font-variation-settings: inherit; vertical-align: baseline; letter-spacing: -0.108px; color: rgb(0, 11, 37); text-align: justify;\">Sau thời gian nghỉ ngơi, cả đoàn tập trung và tiếp tục hành trình chinh phục đỉnh Fansipan bằng cáp treo. Khung cảnh hùng vĩ, tiết trời quang đẹp đã tô điểm thêm những khung hình kỉ niệm tuyệt vời của Sonat Game Studio. Tiếp đó, cả Team cùng nhau di chuyển đến Bản Cát Cát. Cả team đã thời gian thăm quan, cùng chụp bức ảnh kỉ niệm khó quên trong trang phục của người dân tộc bản địa.<br></p><div tabindex=\"-1\" contenteditable=\"false\" data-cke-widget-wrapper=\"1\" data-cke-filter=\"off\" class=\"cke_widget_wrapper cke_widget_block cke_widget_image\" data-cke-display-name=\"ảnh\" data-cke-widget-id=\"4\" role=\"region\" aria-label=\" ảnh widget\" style=\"margin: 0px; padding: 0px; border: 0px; font-variant-numeric: inherit; font-variant-east-asian: inherit; font-variant-alternates: inherit; font-stretch: inherit; font-size: 18px; line-height: inherit; font-family: SFPRO, Fallback, sans-serif; font-optical-sizing: inherit; font-kerning: inherit; font-feature-settings: inherit; font-variation-settings: inherit; vertical-align: baseline; letter-spacing: -0.108px; color: rgb(0, 11, 37); text-align: center;\"><figure class=\"image cke_widget_element\" data-cke-widget-keep-attr=\"0\" data-widget=\"image\" data-cke-widget-data=\"%7B%22hasCaption%22%3Atrue%2C%22src%22%3A%22%2Fpublic%2Fbackend%2Fuploads%2Ffiles%2Fsapa%2F_DSC1094.JPG%22%2C%22alt%22%3A%22%22%2C%22width%22%3A%22%22%2C%22height%22%3A%22%22%2C%22lock%22%3Atrue%2C%22align%22%3A%22center%22%2C%22classes%22%3A%7B%7D%7D\" style=\"margin-top: 32px; margin-bottom: 32px; padding: 0px; border: 0px; font: inherit; vertical-align: baseline; letter-spacing: -0.006em; display: inline-block;\"><span class=\"cke_image_resizer_wrapper\" style=\"margin: 0px; padding: 0px; border: 0px; font: inherit; vertical-align: baseline; letter-spacing: -0.006em;\"><img alt=\"\" src=\"file:///D:/Xampp/htdocs/sonat.vn/public/backend/uploads/files/sapa/_DSC1094.jpg\" data-cke-saved-src=\"/public/backend/uploads/files/sapa/_DSC1094.JPG\" data-cke-widget-upcasted=\"1\" style=\"margin: 0px; padding: 0px; border: 0px; font: inherit; vertical-align: baseline; letter-spacing: -0.006em; display: unset; max-width: 100%; height: 504px; width: 760px;\"><span class=\"cke_image_resizer\" title=\"Kéo rê để thay đổi kích cỡ\" style=\"margin: 0px; padding: 0px; border: 0px; font: inherit; vertical-align: baseline; letter-spacing: -0.006em;\">​</span></span><figcaption contenteditable=\"true\" data-cke-widget-editable=\"caption\" data-cke-enter-mode=\"2\" data-cke-filter=\"301\" class=\"cke_widget_editable\" data-cke-display-name=\"chú thích\" style=\"margin: 0px; padding: 0px; border: 0px; font-style: italic; font-variant: inherit; font-weight: inherit; font-stretch: inherit; font-size: inherit; line-height: inherit; font-family: inherit; font-optical-sizing: inherit; font-kerning: inherit; font-feature-settings: inherit; font-variation-settings: inherit; vertical-align: baseline; letter-spacing: -0.006em; display: inline-block; outline: transparent solid 0px;\">Một nửa của Sonat Game Studio duyên dáng trong trang phục dân tộc</figcaption></figure></div><p style=\"padding: 0px; border: 0px; font-variant-numeric: inherit; font-variant-east-asian: inherit; font-variant-alternates: inherit; font-stretch: inherit; font-size: 18px; line-height: inherit; font-family: SFPRO, Fallback, sans-serif; font-optical-sizing: inherit; font-kerning: inherit; font-feature-settings: inherit; font-variation-settings: inherit; vertical-align: baseline; letter-spacing: -0.108px; color: rgb(0, 11, 37); text-align: justify;\"><br></p><div data-cke-widget-keep-attr=\"0\" data-cke-widget-data=\"%7B%22hasCaption%22%3Afalse%2C%22src%22%3A%22%2Fpublic%2Fbackend%2Fuploads%2Ffiles%2Fsapa%2FIMG_4753.jpg%22%2C%22alt%22%3A%22%22%2C%22width%22%3A%22760%22%2C%22height%22%3A%221058%22%2C%22lock%22%3Atrue%2C%22align%22%3A%22center%22%2C%22classes%22%3Anull%7D\" class=\"cke_widget_element\" style=\"margin: 0px; padding: 0px; border: 0px; font-variant-numeric: inherit; font-variant-east-asian: inherit; font-variant-alternates: inherit; font-stretch: inherit; font-size: 18px; line-height: inherit; font-family: SFPRO, Fallback, sans-serif; font-optical-sizing: inherit; font-kerning: inherit; font-feature-settings: inherit; font-variation-settings: inherit; vertical-align: baseline; letter-spacing: -0.108px; color: rgb(0, 11, 37); text-align: justify;\"><div tabindex=\"-1\" contenteditable=\"false\" data-cke-widget-wrapper=\"1\" data-cke-filter=\"off\" class=\"cke_widget_wrapper cke_widget_block cke_widget_image cke_image_nocaption\" data-cke-display-name=\"ảnh\" data-cke-widget-id=\"3\" role=\"region\" aria-label=\" ảnh widget\" style=\"margin: 0px; padding: 0px; border: 0px; font: inherit; vertical-align: baseline; letter-spacing: -0.006em;\"><div data-cke-widget-keep-attr=\"0\" data-widget=\"image\" class=\"cke_widget_element\" data-cke-widget-data=\"%7B%22hasCaption%22%3Afalse%2C%22src%22%3A%22%2Fpublic%2Fbackend%2Fuploads%2Ffiles%2Fsapa%2FIMG_4753.jpg%22%2C%22alt%22%3A%22%22%2C%22width%22%3A%22%22%2C%22height%22%3A%22%22%2C%22lock%22%3Atrue%2C%22align%22%3A%22center%22%2C%22classes%22%3Anull%7D\" style=\"margin: 0px; padding: 0px; border: 0px; font: inherit; vertical-align: baseline; letter-spacing: -0.006em; text-align: center;\"><span class=\"cke_image_resizer_wrapper\" style=\"margin: 0px; padding: 0px; border: 0px; font: inherit; vertical-align: baseline; letter-spacing: -0.006em;\"><img alt=\"\" src=\"file:///D:/Xampp/htdocs/sonat.vn/public/backend/uploads/files/sapa/IMG_4753.jpg\" data-cke-saved-src=\"/public/backend/uploads/files/sapa/IMG_4753.jpg\" data-cke-widget-upcasted=\"1\" style=\"margin: 0px; padding: 0px; border: 0px; font: inherit; vertical-align: baseline; letter-spacing: -0.006em; display: unset; max-width: 100%; height: 1058px; width: 760px;\"><span class=\"cke_image_resizer\" title=\"Kéo rê để thay đổi kích cỡ\" style=\"margin: 0px; padding: 0px; border: 0px; font: inherit; vertical-align: baseline; letter-spacing: -0.006em;\">​</span></span></div></div>​</div><div tabindex=\"-1\" contenteditable=\"false\" data-cke-widget-wrapper=\"1\" data-cke-filter=\"off\" class=\"cke_widget_wrapper cke_widget_block cke_widget_image\" data-cke-display-name=\"ảnh\" data-cke-widget-id=\"2\" role=\"region\" aria-label=\" ảnh widget\" style=\"margin: 0px; padding: 0px; border: 0px; font-variant-numeric: inherit; font-variant-east-asian: inherit; font-variant-alternates: inherit; font-stretch: inherit; font-size: 18px; line-height: inherit; font-family: SFPRO, Fallback, sans-serif; font-optical-sizing: inherit; font-kerning: inherit; font-feature-settings: inherit; font-variation-settings: inherit; vertical-align: baseline; letter-spacing: -0.108px; color: rgb(0, 11, 37); text-align: center;\"><figure class=\"image cke_widget_element\" data-cke-widget-keep-attr=\"0\" data-widget=\"image\" data-cke-widget-data=\"%7B%22hasCaption%22%3Atrue%2C%22src%22%3A%22%2Fpublic%2Fbackend%2Fuploads%2Ffiles%2Fsapa%2FIMG_4877.jpg%22%2C%22alt%22%3A%22%22%2C%22width%22%3A%22%22%2C%22height%22%3A%22%22%2C%22lock%22%3Atrue%2C%22align%22%3A%22center%22%2C%22classes%22%3A%7B%7D%7D\" style=\"margin-top: 32px; margin-bottom: 32px; padding: 0px; border: 0px; font: inherit; vertical-align: baseline; letter-spacing: -0.006em; display: inline-block;\"><span class=\"cke_image_resizer_wrapper\" style=\"margin: 0px; padding: 0px; border: 0px; font: inherit; vertical-align: baseline; letter-spacing: -0.006em;\"><img alt=\"\" src=\"file:///D:/Xampp/htdocs/sonat.vn/public/backend/uploads/files/sapa/IMG_4877.jpg\" data-cke-saved-src=\"/public/backend/uploads/files/sapa/IMG_4877.jpg\" data-cke-widget-upcasted=\"1\" style=\"margin: 0px; padding: 0px; border: 0px; font: inherit; vertical-align: baseline; letter-spacing: -0.006em; display: unset; max-width: 100%; height: 1064px; width: 760px;\"><span class=\"cke_image_resizer\" title=\"Kéo rê để thay đổi kích cỡ\" style=\"margin: 0px; padding: 0px; border: 0px; font: inherit; vertical-align: baseline; letter-spacing: -0.006em;\">​</span></span><figcaption contenteditable=\"true\" data-cke-widget-editable=\"caption\" data-cke-enter-mode=\"2\" data-cke-filter=\"301\" class=\"cke_widget_editable\" data-cke-display-name=\"chú thích\" style=\"margin: 0px; padding: 0px; border: 0px; font-style: italic; font-variant: inherit; font-weight: inherit; font-stretch: inherit; font-size: inherit; line-height: inherit; font-family: inherit; font-optical-sizing: inherit; font-kerning: inherit; font-feature-settings: inherit; font-variation-settings: inherit; vertical-align: baseline; letter-spacing: -0.006em; display: inline-block; outline: transparent solid 0px;\">Sonat Team chụp ảnh kỉ niệm tại bản Cát Cát</figcaption></figure></div><p style=\"padding: 0px; border: 0px; font-variant-numeric: inherit; font-variant-east-asian: inherit; font-variant-alternates: inherit; font-stretch: inherit; font-size: 18px; line-height: inherit; font-family: SFPRO, Fallback, sans-serif; font-optical-sizing: inherit; font-kerning: inherit; font-feature-settings: inherit; font-variation-settings: inherit; vertical-align: baseline; letter-spacing: -0.108px; color: rgb(0, 11, 37); text-align: justify;\"><br></p><div data-cke-widget-keep-attr=\"0\" data-cke-widget-data=\"%7B%22hasCaption%22%3Afalse%2C%22src%22%3A%22%2Fpublic%2Fbackend%2Fuploads%2Ffiles%2Fsapa%2FIMG_4770-2.jpg%22%2C%22alt%22%3A%22%22%2C%22width%22%3A%22760%22%2C%22height%22%3A%22618%22%2C%22lock%22%3Atrue%2C%22align%22%3A%22center%22%2C%22classes%22%3Anull%7D\" class=\"cke_widget_element\" style=\"margin: 0px; padding: 0px; border: 0px; font-variant-numeric: inherit; font-variant-east-asian: inherit; font-variant-alternates: inherit; font-stretch: inherit; font-size: 18px; line-height: inherit; font-family: SFPRO, Fallback, sans-serif; font-optical-sizing: inherit; font-kerning: inherit; font-feature-settings: inherit; font-variation-settings: inherit; vertical-align: baseline; letter-spacing: -0.108px; color: rgb(0, 11, 37); text-align: justify;\"><div tabindex=\"-1\" contenteditable=\"false\" data-cke-widget-wrapper=\"1\" data-cke-filter=\"off\" class=\"cke_widget_wrapper cke_widget_block cke_widget_image cke_image_nocaption\" data-cke-display-name=\"ảnh\" data-cke-widget-id=\"1\" role=\"region\" aria-label=\" ảnh widget\" style=\"margin: 0px; padding: 0px; border: 0px; font: inherit; vertical-align: baseline; letter-spacing: -0.006em;\"><div data-cke-widget-keep-attr=\"0\" data-widget=\"image\" class=\"cke_widget_element\" data-cke-widget-data=\"%7B%22hasCaption%22%3Afalse%2C%22src%22%3A%22%2Fpublic%2Fbackend%2Fuploads%2Ffiles%2Fsapa%2FIMG_4770-2.jpg%22%2C%22alt%22%3A%22%22%2C%22width%22%3A%22%22%2C%22height%22%3A%22%22%2C%22lock%22%3Atrue%2C%22align%22%3A%22center%22%2C%22classes%22%3Anull%7D\" style=\"margin: 0px; padding: 0px; border: 0px; font: inherit; vertical-align: baseline; letter-spacing: -0.006em; text-align: center;\"><span class=\"cke_image_resizer_wrapper\" style=\"margin: 0px; padding: 0px; border: 0px; font: inherit; vertical-align: baseline; letter-spacing: -0.006em;\"><img alt=\"\" src=\"file:///D:/Xampp/htdocs/sonat.vn/public/backend/uploads/files/sapa/IMG_4770-2.jpg\" data-cke-saved-src=\"/public/backend/uploads/files/sapa/IMG_4770-2.jpg\" data-cke-widget-upcasted=\"1\" style=\"margin: 0px; padding: 0px; border: 0px; font: inherit; vertical-align: baseline; letter-spacing: -0.006em; display: unset; max-width: 100%; height: 618px; width: 760px;\"><span class=\"cke_image_resizer\" title=\"Kéo rê để thay đổi kích cỡ\" style=\"margin: 0px; padding: 0px; border: 0px; font: inherit; vertical-align: baseline; letter-spacing: -0.006em;\">​</span></span></div></div>​</div><p dir=\"ltr\" style=\"padding: 0px; border: 0px; font-variant-numeric: inherit; font-variant-east-asian: inherit; font-variant-alternates: inherit; font-stretch: inherit; font-size: 18px; line-height: inherit; font-family: SFPRO, Fallback, sans-serif; font-optical-sizing: inherit; font-kerning: inherit; font-feature-settings: inherit; font-variation-settings: inherit; vertical-align: baseline; letter-spacing: -0.108px; color: rgb(0, 11, 37); text-align: justify;\">Ngày thứ 2 chúng mình dành thời gian trải nghiệm Cầu kính tại Đèo Ô Quy Hồ. Đây chính là chiếc cầu kính cao nhất Việt Nam, tại đây du khách có thể phóng tầm mắt chiêm ngưỡng trọn vẹn sự hùng vĩ của dãy Hoàng Liên Sơn.</p><div style=\"margin: 0px; padding: 0px; border: 0px; font-variant-numeric: inherit; font-variant-east-asian: inherit; font-variant-alternates: inherit; font-stretch: inherit; font-size: 18px; line-height: inherit; font-family: SFPRO, Fallback, sans-serif; font-optical-sizing: inherit; font-kerning: inherit; font-feature-settings: inherit; font-variation-settings: inherit; vertical-align: baseline; letter-spacing: -0.108px; color: rgb(0, 11, 37); text-align: center;\"><div tabindex=\"-1\" contenteditable=\"false\" data-cke-widget-wrapper=\"1\" data-cke-filter=\"off\" class=\"cke_widget_wrapper cke_widget_block cke_widget_image\" data-cke-display-name=\"ảnh\" data-cke-widget-id=\"0\" role=\"region\" aria-label=\" ảnh widget\" style=\"margin: 0px; padding: 0px; border: 0px; font: inherit; vertical-align: baseline; letter-spacing: -0.006em;\"><figure class=\"image cke_widget_element\" data-cke-widget-keep-attr=\"0\" data-widget=\"image\" data-cke-widget-data=\"%7B%22hasCaption%22%3Atrue%2C%22src%22%3A%22%2Fpublic%2Fbackend%2Fuploads%2Fimages%2Fcau%2520kinh_.jpg%22%2C%22alt%22%3A%22%22%2C%22width%22%3A%22%22%2C%22height%22%3A%22%22%2C%22lock%22%3Atrue%2C%22align%22%3A%22none%22%2C%22classes%22%3A%7B%7D%7D\" style=\"margin-top: 32px; margin-bottom: 32px; padding: 0px; border: 0px; font: inherit; vertical-align: baseline; letter-spacing: -0.006em;\"><span class=\"cke_image_resizer_wrapper\" style=\"margin: 0px; padding: 0px; border: 0px; font: inherit; vertical-align: baseline; letter-spacing: -0.006em;\"><img alt=\"\" src=\"file:///D:/Xampp/htdocs/sonat.vn/public/backend/uploads/images/cau%20kinh_.jpg\" data-cke-saved-src=\"/public/backend/uploads/images/cau%20kinh_.jpg\" data-cke-widget-upcasted=\"1\" style=\"margin: 0px; padding: 0px; border: 0px; font: inherit; vertical-align: baseline; letter-spacing: -0.006em; display: unset; max-width: 100%; height: 466px; width: 760px;\"><span class=\"cke_image_resizer\" title=\"Kéo rê để thay đổi kích cỡ\" style=\"margin: 0px; padding: 0px; border: 0px; font: inherit; vertical-align: baseline; letter-spacing: -0.006em;\">​</span></span><figcaption contenteditable=\"true\" data-cke-widget-editable=\"caption\" data-cke-enter-mode=\"2\" data-cke-filter=\"301\" class=\"cke_widget_editable\" data-cke-display-name=\"chú thích\" style=\"margin: 0px; padding: 0px; border: 0px; font-style: italic; font-variant: inherit; font-weight: inherit; font-stretch: inherit; font-size: inherit; line-height: inherit; font-family: inherit; font-optical-sizing: inherit; font-kerning: inherit; font-feature-settings: inherit; font-variation-settings: inherit; vertical-align: baseline; letter-spacing: -0.006em; display: inline-block; outline: transparent solid 0px;\">Sonaters trải nghiệm ngắm cảnh trên Cầu Kính dài nhất Việt Nam</figcaption></figure></div><p style=\"padding: 0px; border: 0px; font: inherit; vertical-align: baseline; letter-spacing: -0.006em; text-align: justify;\">Đến chiều và sáng hôm sau&nbsp;cả đoàn quyết định dành thời gian nghỉ ngơi và vui chơi ngay tại Resort</p></div><p dir=\"ltr\" style=\"padding: 0px; border: 0px; font-variant-numeric: inherit; font-variant-east-asian: inherit; font-variant-alternates: inherit; font-stretch: inherit; font-size: 18px; line-height: inherit; font-family: SFPRO, Fallback, sans-serif; font-optical-sizing: inherit; font-kerning: inherit; font-feature-settings: inherit; font-variation-settings: inherit; vertical-align: baseline; letter-spacing: -0.108px; color: rgb(0, 11, 37); text-align: justify;\">Chiều ngày 4/10, cả đoàn lên xe trở về Hà Nội, kết thúc chuyến du lịch 3 ngày 2 đêm nhiều kỉ niệm tại xứ sở Sương mù.&nbsp;</p>','Chuyến đi Sapa 3 ngày 2 đêm vào đầu tháng 10 vừa qua để lại biết bao kỉ niệm đáng nhớ trong lòng Sonaters. Đi để trở về, đi để thêm thấu hiểu và gắn kết'),(8,4,'vi','Sapa Trip 2020 - Đi để trở về','<p dir=\"ltr\" style=\"font-family: SFPRO, Fallback, sans-serif; padding: 0px; border: 0px; font-variant-numeric: inherit; font-variant-east-asian: inherit; font-variant-alternates: inherit; font-stretch: inherit; font-size: 18px; line-height: inherit; font-optical-sizing: inherit; font-kerning: inherit; font-feature-settings: inherit; font-variation-settings: inherit; vertical-align: baseline; letter-spacing: -0.108px; color: rgb(0, 11, 37); text-align: justify;\">Chúng mình khởi hành vào đêm ngày 1/10 và có mặt tại thị trấn Sa Pa vào sáng hôm sau. Cả đoàn nghỉ ngơi ăn sáng và chuẩn bị check in resort. Chúng mình ở tại Sapa Jade Hill Resort, một trong những khu nghỉ dưỡng cao cấp nhất tại đây.<br></p><div tabindex=\"-1\" contenteditable=\"false\" data-cke-widget-wrapper=\"1\" data-cke-filter=\"off\" class=\"cke_widget_wrapper cke_widget_block cke_widget_image\" data-cke-display-name=\"ảnh\" data-cke-widget-id=\"5\" role=\"region\" aria-label=\" ảnh widget\" style=\"font-family: SFPRO, Fallback, sans-serif; margin: 0px; padding: 0px; border: 0px; font-variant-numeric: inherit; font-variant-east-asian: inherit; font-variant-alternates: inherit; font-stretch: inherit; font-size: 18px; line-height: inherit; font-optical-sizing: inherit; font-kerning: inherit; font-feature-settings: inherit; font-variation-settings: inherit; vertical-align: baseline; letter-spacing: -0.108px; color: rgb(0, 11, 37); text-align: center;\"><figure class=\"image cke_widget_element\" data-cke-widget-keep-attr=\"0\" data-widget=\"image\" data-cke-widget-data=\"%7B%22hasCaption%22%3Atrue%2C%22src%22%3A%22%2Fpublic%2Fbackend%2Fuploads%2Fimages%2Fjade%2520hill.jpg%22%2C%22alt%22%3A%22%22%2C%22width%22%3A%22%22%2C%22height%22%3A%22%22%2C%22lock%22%3Atrue%2C%22align%22%3A%22center%22%2C%22classes%22%3A%7B%7D%7D\" style=\"font: inherit; margin-top: 32px; margin-bottom: 32px; padding: 0px; border: 0px; vertical-align: baseline; letter-spacing: -0.006em; display: inline-block;\"><span class=\"cke_image_resizer_wrapper\" style=\"font: inherit; margin: 0px; padding: 0px; border: 0px; vertical-align: baseline; letter-spacing: -0.006em;\"><img alt=\"\" src=\"file:///D:/Xampp/htdocs/sonat.vn/public/backend/uploads/images/jade%20hill.jpg\" data-cke-saved-src=\"/public/backend/uploads/images/jade%20hill.jpg\" data-cke-widget-upcasted=\"1\" style=\"font: inherit; vertical-align: baseline; margin: 0px; padding: 0px; border: 0px; letter-spacing: -0.006em; display: unset; max-width: 100%; height: 428px; width: 760px;\"><span class=\"cke_image_resizer\" title=\"Kéo rê để thay đổi kích cỡ\" style=\"font: inherit; margin: 0px; padding: 0px; border: 0px; vertical-align: baseline; letter-spacing: -0.006em;\">​</span></span><figcaption contenteditable=\"true\" data-cke-widget-editable=\"caption\" data-cke-enter-mode=\"2\" data-cke-filter=\"301\" class=\"cke_widget_editable\" data-cke-display-name=\"chú thích\" style=\"font-family: inherit; margin: 0px; padding: 0px; border: 0px; font-style: italic; font-variant: inherit; font-weight: inherit; font-stretch: inherit; font-size: inherit; line-height: inherit; font-optical-sizing: inherit; font-kerning: inherit; font-feature-settings: inherit; font-variation-settings: inherit; vertical-align: baseline; letter-spacing: -0.006em; display: inline-block; outline: transparent solid 0px;\">View ngắm cảnh cực chill tại Sapa Jade Hill Resort</figcaption></figure></div><p style=\"font-family: SFPRO, Fallback, sans-serif; padding: 0px; border: 0px; font-variant-numeric: inherit; font-variant-east-asian: inherit; font-variant-alternates: inherit; font-stretch: inherit; font-size: 18px; line-height: inherit; font-optical-sizing: inherit; font-kerning: inherit; font-feature-settings: inherit; font-variation-settings: inherit; vertical-align: baseline; letter-spacing: -0.108px; color: rgb(0, 11, 37); text-align: justify;\">Sau thời gian nghỉ ngơi, cả đoàn tập trung và tiếp tục hành trình chinh phục đỉnh Fansipan bằng cáp treo. Khung cảnh hùng vĩ, tiết trời quang đẹp đã tô điểm thêm những khung hình kỉ niệm tuyệt vời của Sonat Game Studio. Tiếp đó, cả Team cùng nhau di chuyển đến Bản Cát Cát. Cả team đã thời gian thăm quan, cùng chụp bức ảnh kỉ niệm khó quên trong trang phục của người dân tộc bản địa.<br></p><div tabindex=\"-1\" contenteditable=\"false\" data-cke-widget-wrapper=\"1\" data-cke-filter=\"off\" class=\"cke_widget_wrapper cke_widget_block cke_widget_image\" data-cke-display-name=\"ảnh\" data-cke-widget-id=\"4\" role=\"region\" aria-label=\" ảnh widget\" style=\"font-family: SFPRO, Fallback, sans-serif; margin: 0px; padding: 0px; border: 0px; font-variant-numeric: inherit; font-variant-east-asian: inherit; font-variant-alternates: inherit; font-stretch: inherit; font-size: 18px; line-height: inherit; font-optical-sizing: inherit; font-kerning: inherit; font-feature-settings: inherit; font-variation-settings: inherit; vertical-align: baseline; letter-spacing: -0.108px; color: rgb(0, 11, 37); text-align: center;\"><figure class=\"image cke_widget_element\" data-cke-widget-keep-attr=\"0\" data-widget=\"image\" data-cke-widget-data=\"%7B%22hasCaption%22%3Atrue%2C%22src%22%3A%22%2Fpublic%2Fbackend%2Fuploads%2Ffiles%2Fsapa%2F_DSC1094.JPG%22%2C%22alt%22%3A%22%22%2C%22width%22%3A%22%22%2C%22height%22%3A%22%22%2C%22lock%22%3Atrue%2C%22align%22%3A%22center%22%2C%22classes%22%3A%7B%7D%7D\" style=\"font: inherit; margin-top: 32px; margin-bottom: 32px; padding: 0px; border: 0px; vertical-align: baseline; letter-spacing: -0.006em; display: inline-block;\"><span class=\"cke_image_resizer_wrapper\" style=\"font: inherit; margin: 0px; padding: 0px; border: 0px; vertical-align: baseline; letter-spacing: -0.006em;\"><img alt=\"\" src=\"file:///D:/Xampp/htdocs/sonat.vn/public/backend/uploads/files/sapa/_DSC1094.jpg\" data-cke-saved-src=\"/public/backend/uploads/files/sapa/_DSC1094.JPG\" data-cke-widget-upcasted=\"1\" style=\"font: inherit; vertical-align: baseline; margin: 0px; padding: 0px; border: 0px; letter-spacing: -0.006em; display: unset; max-width: 100%; height: 504px; width: 760px;\"><span class=\"cke_image_resizer\" title=\"Kéo rê để thay đổi kích cỡ\" style=\"font: inherit; margin: 0px; padding: 0px; border: 0px; vertical-align: baseline; letter-spacing: -0.006em;\">​</span></span><figcaption contenteditable=\"true\" data-cke-widget-editable=\"caption\" data-cke-enter-mode=\"2\" data-cke-filter=\"301\" class=\"cke_widget_editable\" data-cke-display-name=\"chú thích\" style=\"font-family: inherit; margin: 0px; padding: 0px; border: 0px; font-style: italic; font-variant: inherit; font-weight: inherit; font-stretch: inherit; font-size: inherit; line-height: inherit; font-optical-sizing: inherit; font-kerning: inherit; font-feature-settings: inherit; font-variation-settings: inherit; vertical-align: baseline; letter-spacing: -0.006em; display: inline-block; outline: transparent solid 0px;\">Một nửa của Sonat Game Studio duyên dáng trong trang phục dân tộc</figcaption></figure></div><p style=\"font-family: SFPRO, Fallback, sans-serif; padding: 0px; border: 0px; font-variant-numeric: inherit; font-variant-east-asian: inherit; font-variant-alternates: inherit; font-stretch: inherit; font-size: 18px; line-height: inherit; font-optical-sizing: inherit; font-kerning: inherit; font-feature-settings: inherit; font-variation-settings: inherit; vertical-align: baseline; letter-spacing: -0.108px; color: rgb(0, 11, 37); text-align: justify;\"><br></p><div data-cke-widget-keep-attr=\"0\" data-cke-widget-data=\"%7B%22hasCaption%22%3Afalse%2C%22src%22%3A%22%2Fpublic%2Fbackend%2Fuploads%2Ffiles%2Fsapa%2FIMG_4753.jpg%22%2C%22alt%22%3A%22%22%2C%22width%22%3A%22760%22%2C%22height%22%3A%221058%22%2C%22lock%22%3Atrue%2C%22align%22%3A%22center%22%2C%22classes%22%3Anull%7D\" class=\"cke_widget_element\" style=\"font-family: SFPRO, Fallback, sans-serif; margin: 0px; padding: 0px; border: 0px; font-variant-numeric: inherit; font-variant-east-asian: inherit; font-variant-alternates: inherit; font-stretch: inherit; font-size: 18px; line-height: inherit; font-optical-sizing: inherit; font-kerning: inherit; font-feature-settings: inherit; font-variation-settings: inherit; vertical-align: baseline; letter-spacing: -0.108px; color: rgb(0, 11, 37); text-align: justify;\"><div tabindex=\"-1\" contenteditable=\"false\" data-cke-widget-wrapper=\"1\" data-cke-filter=\"off\" class=\"cke_widget_wrapper cke_widget_block cke_widget_image cke_image_nocaption\" data-cke-display-name=\"ảnh\" data-cke-widget-id=\"3\" role=\"region\" aria-label=\" ảnh widget\" style=\"font: inherit; margin: 0px; padding: 0px; border: 0px; vertical-align: baseline; letter-spacing: -0.006em;\"><div data-cke-widget-keep-attr=\"0\" data-widget=\"image\" class=\"cke_widget_element\" data-cke-widget-data=\"%7B%22hasCaption%22%3Afalse%2C%22src%22%3A%22%2Fpublic%2Fbackend%2Fuploads%2Ffiles%2Fsapa%2FIMG_4753.jpg%22%2C%22alt%22%3A%22%22%2C%22width%22%3A%22%22%2C%22height%22%3A%22%22%2C%22lock%22%3Atrue%2C%22align%22%3A%22center%22%2C%22classes%22%3Anull%7D\" style=\"font: inherit; margin: 0px; padding: 0px; border: 0px; vertical-align: baseline; letter-spacing: -0.006em; text-align: center;\"><span class=\"cke_image_resizer_wrapper\" style=\"font: inherit; margin: 0px; padding: 0px; border: 0px; vertical-align: baseline; letter-spacing: -0.006em;\"><img alt=\"\" src=\"file:///D:/Xampp/htdocs/sonat.vn/public/backend/uploads/files/sapa/IMG_4753.jpg\" data-cke-saved-src=\"/public/backend/uploads/files/sapa/IMG_4753.jpg\" data-cke-widget-upcasted=\"1\" style=\"font: inherit; vertical-align: baseline; margin: 0px; padding: 0px; border: 0px; letter-spacing: -0.006em; display: unset; max-width: 100%; height: 1058px; width: 760px;\"><span class=\"cke_image_resizer\" title=\"Kéo rê để thay đổi kích cỡ\" style=\"font: inherit; margin: 0px; padding: 0px; border: 0px; vertical-align: baseline; letter-spacing: -0.006em;\">​</span></span></div></div>​</div><div tabindex=\"-1\" contenteditable=\"false\" data-cke-widget-wrapper=\"1\" data-cke-filter=\"off\" class=\"cke_widget_wrapper cke_widget_block cke_widget_image\" data-cke-display-name=\"ảnh\" data-cke-widget-id=\"2\" role=\"region\" aria-label=\" ảnh widget\" style=\"font-family: SFPRO, Fallback, sans-serif; margin: 0px; padding: 0px; border: 0px; font-variant-numeric: inherit; font-variant-east-asian: inherit; font-variant-alternates: inherit; font-stretch: inherit; font-size: 18px; line-height: inherit; font-optical-sizing: inherit; font-kerning: inherit; font-feature-settings: inherit; font-variation-settings: inherit; vertical-align: baseline; letter-spacing: -0.108px; color: rgb(0, 11, 37); text-align: center;\"><figure class=\"image cke_widget_element\" data-cke-widget-keep-attr=\"0\" data-widget=\"image\" data-cke-widget-data=\"%7B%22hasCaption%22%3Atrue%2C%22src%22%3A%22%2Fpublic%2Fbackend%2Fuploads%2Ffiles%2Fsapa%2FIMG_4877.jpg%22%2C%22alt%22%3A%22%22%2C%22width%22%3A%22%22%2C%22height%22%3A%22%22%2C%22lock%22%3Atrue%2C%22align%22%3A%22center%22%2C%22classes%22%3A%7B%7D%7D\" style=\"font: inherit; margin-top: 32px; margin-bottom: 32px; padding: 0px; border: 0px; vertical-align: baseline; letter-spacing: -0.006em; display: inline-block;\"><span class=\"cke_image_resizer_wrapper\" style=\"font: inherit; margin: 0px; padding: 0px; border: 0px; vertical-align: baseline; letter-spacing: -0.006em;\"><img alt=\"\" src=\"file:///D:/Xampp/htdocs/sonat.vn/public/backend/uploads/files/sapa/IMG_4877.jpg\" data-cke-saved-src=\"/public/backend/uploads/files/sapa/IMG_4877.jpg\" data-cke-widget-upcasted=\"1\" style=\"font: inherit; vertical-align: baseline; margin: 0px; padding: 0px; border: 0px; letter-spacing: -0.006em; display: unset; max-width: 100%; height: 1064px; width: 760px;\"><span class=\"cke_image_resizer\" title=\"Kéo rê để thay đổi kích cỡ\" style=\"font: inherit; margin: 0px; padding: 0px; border: 0px; vertical-align: baseline; letter-spacing: -0.006em;\">​</span></span><figcaption contenteditable=\"true\" data-cke-widget-editable=\"caption\" data-cke-enter-mode=\"2\" data-cke-filter=\"301\" class=\"cke_widget_editable\" data-cke-display-name=\"chú thích\" style=\"font-family: inherit; margin: 0px; padding: 0px; border: 0px; font-style: italic; font-variant: inherit; font-weight: inherit; font-stretch: inherit; font-size: inherit; line-height: inherit; font-optical-sizing: inherit; font-kerning: inherit; font-feature-settings: inherit; font-variation-settings: inherit; vertical-align: baseline; letter-spacing: -0.006em; display: inline-block; outline: transparent solid 0px;\">Sonat Team chụp ảnh kỉ niệm tại bản Cát Cát</figcaption></figure></div><p style=\"font-family: SFPRO, Fallback, sans-serif; padding: 0px; border: 0px; font-variant-numeric: inherit; font-variant-east-asian: inherit; font-variant-alternates: inherit; font-stretch: inherit; font-size: 18px; line-height: inherit; font-optical-sizing: inherit; font-kerning: inherit; font-feature-settings: inherit; font-variation-settings: inherit; vertical-align: baseline; letter-spacing: -0.108px; color: rgb(0, 11, 37); text-align: justify;\"><br></p><div data-cke-widget-keep-attr=\"0\" data-cke-widget-data=\"%7B%22hasCaption%22%3Afalse%2C%22src%22%3A%22%2Fpublic%2Fbackend%2Fuploads%2Ffiles%2Fsapa%2FIMG_4770-2.jpg%22%2C%22alt%22%3A%22%22%2C%22width%22%3A%22760%22%2C%22height%22%3A%22618%22%2C%22lock%22%3Atrue%2C%22align%22%3A%22center%22%2C%22classes%22%3Anull%7D\" class=\"cke_widget_element\" style=\"font-family: SFPRO, Fallback, sans-serif; margin: 0px; padding: 0px; border: 0px; font-variant-numeric: inherit; font-variant-east-asian: inherit; font-variant-alternates: inherit; font-stretch: inherit; font-size: 18px; line-height: inherit; font-optical-sizing: inherit; font-kerning: inherit; font-feature-settings: inherit; font-variation-settings: inherit; vertical-align: baseline; letter-spacing: -0.108px; color: rgb(0, 11, 37); text-align: justify;\"><div tabindex=\"-1\" contenteditable=\"false\" data-cke-widget-wrapper=\"1\" data-cke-filter=\"off\" class=\"cke_widget_wrapper cke_widget_block cke_widget_image cke_image_nocaption\" data-cke-display-name=\"ảnh\" data-cke-widget-id=\"1\" role=\"region\" aria-label=\" ảnh widget\" style=\"font: inherit; margin: 0px; padding: 0px; border: 0px; vertical-align: baseline; letter-spacing: -0.006em;\"><div data-cke-widget-keep-attr=\"0\" data-widget=\"image\" class=\"cke_widget_element\" data-cke-widget-data=\"%7B%22hasCaption%22%3Afalse%2C%22src%22%3A%22%2Fpublic%2Fbackend%2Fuploads%2Ffiles%2Fsapa%2FIMG_4770-2.jpg%22%2C%22alt%22%3A%22%22%2C%22width%22%3A%22%22%2C%22height%22%3A%22%22%2C%22lock%22%3Atrue%2C%22align%22%3A%22center%22%2C%22classes%22%3Anull%7D\" style=\"font: inherit; margin: 0px; padding: 0px; border: 0px; vertical-align: baseline; letter-spacing: -0.006em; text-align: center;\"><span class=\"cke_image_resizer_wrapper\" style=\"font: inherit; margin: 0px; padding: 0px; border: 0px; vertical-align: baseline; letter-spacing: -0.006em;\"><img alt=\"\" src=\"file:///D:/Xampp/htdocs/sonat.vn/public/backend/uploads/files/sapa/IMG_4770-2.jpg\" data-cke-saved-src=\"/public/backend/uploads/files/sapa/IMG_4770-2.jpg\" data-cke-widget-upcasted=\"1\" style=\"font: inherit; vertical-align: baseline; margin: 0px; padding: 0px; border: 0px; letter-spacing: -0.006em; display: unset; max-width: 100%; height: 618px; width: 760px;\"><span class=\"cke_image_resizer\" title=\"Kéo rê để thay đổi kích cỡ\" style=\"font: inherit; margin: 0px; padding: 0px; border: 0px; vertical-align: baseline; letter-spacing: -0.006em;\">​</span></span></div></div>​</div><p dir=\"ltr\" style=\"font-family: SFPRO, Fallback, sans-serif; padding: 0px; border: 0px; font-variant-numeric: inherit; font-variant-east-asian: inherit; font-variant-alternates: inherit; font-stretch: inherit; font-size: 18px; line-height: inherit; font-optical-sizing: inherit; font-kerning: inherit; font-feature-settings: inherit; font-variation-settings: inherit; vertical-align: baseline; letter-spacing: -0.108px; color: rgb(0, 11, 37); text-align: justify;\">Ngày thứ 2 chúng mình dành thời gian trải nghiệm Cầu kính tại Đèo Ô Quy Hồ. Đây chính là chiếc cầu kính cao nhất Việt Nam, tại đây du khách có thể phóng tầm mắt chiêm ngưỡng trọn vẹn sự hùng vĩ của dãy Hoàng Liên Sơn.</p><div style=\"font-family: SFPRO, Fallback, sans-serif; margin: 0px; padding: 0px; border: 0px; font-variant-numeric: inherit; font-variant-east-asian: inherit; font-variant-alternates: inherit; font-stretch: inherit; font-size: 18px; line-height: inherit; font-optical-sizing: inherit; font-kerning: inherit; font-feature-settings: inherit; font-variation-settings: inherit; vertical-align: baseline; letter-spacing: -0.108px; color: rgb(0, 11, 37); text-align: center;\"><div tabindex=\"-1\" contenteditable=\"false\" data-cke-widget-wrapper=\"1\" data-cke-filter=\"off\" class=\"cke_widget_wrapper cke_widget_block cke_widget_image\" data-cke-display-name=\"ảnh\" data-cke-widget-id=\"0\" role=\"region\" aria-label=\" ảnh widget\" style=\"font: inherit; margin: 0px; padding: 0px; border: 0px; vertical-align: baseline; letter-spacing: -0.006em;\"><figure class=\"image cke_widget_element\" data-cke-widget-keep-attr=\"0\" data-widget=\"image\" data-cke-widget-data=\"%7B%22hasCaption%22%3Atrue%2C%22src%22%3A%22%2Fpublic%2Fbackend%2Fuploads%2Fimages%2Fcau%2520kinh_.jpg%22%2C%22alt%22%3A%22%22%2C%22width%22%3A%22%22%2C%22height%22%3A%22%22%2C%22lock%22%3Atrue%2C%22align%22%3A%22none%22%2C%22classes%22%3A%7B%7D%7D\" style=\"font: inherit; margin-top: 32px; margin-bottom: 32px; padding: 0px; border: 0px; vertical-align: baseline; letter-spacing: -0.006em;\"><span class=\"cke_image_resizer_wrapper\" style=\"font: inherit; margin: 0px; padding: 0px; border: 0px; vertical-align: baseline; letter-spacing: -0.006em;\"><img alt=\"\" src=\"file:///D:/Xampp/htdocs/sonat.vn/public/backend/uploads/images/cau%20kinh_.jpg\" data-cke-saved-src=\"/public/backend/uploads/images/cau%20kinh_.jpg\" data-cke-widget-upcasted=\"1\" style=\"font: inherit; vertical-align: baseline; margin: 0px; padding: 0px; border: 0px; letter-spacing: -0.006em; display: unset; max-width: 100%; height: 466px; width: 760px;\"><span class=\"cke_image_resizer\" title=\"Kéo rê để thay đổi kích cỡ\" style=\"font: inherit; margin: 0px; padding: 0px; border: 0px; vertical-align: baseline; letter-spacing: -0.006em;\">​</span></span><figcaption contenteditable=\"true\" data-cke-widget-editable=\"caption\" data-cke-enter-mode=\"2\" data-cke-filter=\"301\" class=\"cke_widget_editable\" data-cke-display-name=\"chú thích\" style=\"font-family: inherit; margin: 0px; padding: 0px; border: 0px; font-style: italic; font-variant: inherit; font-weight: inherit; font-stretch: inherit; font-size: inherit; line-height: inherit; font-optical-sizing: inherit; font-kerning: inherit; font-feature-settings: inherit; font-variation-settings: inherit; vertical-align: baseline; letter-spacing: -0.006em; display: inline-block; outline: transparent solid 0px;\">Sonaters trải nghiệm ngắm cảnh trên Cầu Kính dài nhất Việt Nam</figcaption></figure></div><p style=\"font: inherit; padding: 0px; border: 0px; vertical-align: baseline; letter-spacing: -0.006em; text-align: justify;\">Đến chiều và sáng hôm sau&nbsp;cả đoàn quyết định dành thời gian nghỉ ngơi và vui chơi ngay tại Resort</p></div><p dir=\"ltr\" style=\"font-family: SFPRO, Fallback, sans-serif; padding: 0px; border: 0px; font-variant-numeric: inherit; font-variant-east-asian: inherit; font-variant-alternates: inherit; font-stretch: inherit; font-size: 18px; line-height: inherit; font-optical-sizing: inherit; font-kerning: inherit; font-feature-settings: inherit; font-variation-settings: inherit; vertical-align: baseline; letter-spacing: -0.108px; color: rgb(0, 11, 37); text-align: justify;\">Chiều ngày 4/10, cả đoàn lên xe trở về Hà Nội, kết thúc chuyến du lịch 3 ngày 2 đêm nhiều kỉ niệm tại xứ sở Sương mù.&nbsp;</p>','Chuyến đi Sapa 3 ngày 2 đêm vào đầu tháng 10 vừa qua để lại biết bao kỉ niệm đáng nhớ trong lòng Sonaters. Đi để trở về, đi để thêm thấu hiểu và gắn kết'),(9,5,'en','Developer PHP (Laravel, CakePHP, EC Cube)','<p>Developer PHP (Laravel, CakePHP, EC Cube)</p>','Developer PHP (Laravel, CakePHP, EC Cube)'),(10,5,'vi','Developer PHP (Laravel, CakePHP, EC Cube)','<p>Developer PHP (Laravel, CakePHP, EC Cube)</p>','Developer PHP (Laravel, CakePHP, EC Cube)'),(11,6,'en','123123','<p>1231</p>','123123'),(12,6,'vi','123','<p>123</p>','123'),(13,7,'en','123123','<p>123213</p>','23123123'),(14,7,'vi','141411','<p>14141</p>','41414'),(15,8,'en','fqfqf','<p>fqf</p>','qfqfqf'),(16,8,'vi','qfqfqwe','<p>fqweqf</p>','fqwewqe'),(17,9,'en','123123','<p>123123</p>','123123'),(18,9,'vi','123123','<p>123123213</p>','12312312'),(19,10,'en','123123','<p>123123</p>','123123'),(20,10,'vi','412qưeqwe3','<p>123123</p>','412qưeqwe3');
/*!40000 ALTER TABLE `blog_translates` ENABLE KEYS */;
UNLOCK TABLES;

--
-- Table structure for table `blogs`
--

DROP TABLE IF EXISTS `blogs`;
/*!40101 SET @saved_cs_client     = @@character_set_client */;
/*!50503 SET character_set_client = utf8mb4 */;
CREATE TABLE `blogs` (
  `id` int unsigned NOT NULL AUTO_INCREMENT,
  `image` varchar(50) CHARACTER SET utf8mb4 COLLATE utf8mb4_unicode_ci NOT NULL,
  `status` enum('Active','InActive') CHARACTER SET utf8mb4 COLLATE utf8mb4_unicode_ci NOT NULL,
  `created_at` timestamp NOT NULL,
  `updated_at` timestamp NULL DEFAULT NULL,
  `deleted_at` timestamp NULL DEFAULT NULL,
  PRIMARY KEY (`id`)
) ENGINE=InnoDB AUTO_INCREMENT=11 DEFAULT CHARSET=utf8mb4 COLLATE=utf8mb4_unicode_ci;
/*!40101 SET character_set_client = @saved_cs_client */;

--
-- Dumping data for table `blogs`
--

LOCK TABLES `blogs` WRITE;
/*!40000 ALTER TABLE `blogs` DISABLE KEYS */;
INSERT INTO `blogs` VALUES (1,'1686973640-img.jpg','Active','2023-05-23 16:23:36',NULL,NULL),(2,'1685082697-img.jpg','Active','2023-05-26 13:31:37',NULL,'2023-05-26 13:31:52'),(3,'1686973652-img.jpg','Active','2023-05-26 13:32:16',NULL,NULL),(4,'1685345560-img.jpg','Active','2023-05-29 14:32:40',NULL,'2023-06-06 07:16:31'),(5,'1686010686-img.jpg','InActive','2023-06-06 07:18:06',NULL,'2023-06-06 07:18:19'),(6,'1686973673-img.jpg','Active','2023-06-07 16:26:47',NULL,'2023-06-17 14:37:32'),(7,'1686130030-img.jpg','Active','2023-06-07 16:27:10',NULL,'2023-06-16 12:46:31'),(8,'1686130071-img.jpg','Active','2023-06-07 16:27:51',NULL,'2023-06-16 12:46:22'),(9,'1686130557-img.jpg','Active','2023-06-07 16:35:57',NULL,'2023-06-16 12:45:53'),(10,'1686973693-img.png','Active','2023-06-16 12:54:54',NULL,'2023-06-17 14:36:45');
/*!40000 ALTER TABLE `blogs` ENABLE KEYS */;
UNLOCK TABLES;

--
-- Table structure for table `config`
--

DROP TABLE IF EXISTS `config`;
/*!40101 SET @saved_cs_client     = @@character_set_client */;
/*!50503 SET character_set_client = utf8mb4 */;
CREATE TABLE `config` (
  `id` int unsigned NOT NULL AUTO_INCREMENT,
  `name` varchar(30) CHARACTER SET utf8mb4 COLLATE utf8mb4_unicode_ci NOT NULL,
  `contact_key` varchar(50) CHARACTER SET utf8mb4 COLLATE utf8mb4_unicode_ci NOT NULL,
  `type` enum('image','text','textarea','texteditor') CHARACTER SET utf8mb4 COLLATE utf8mb4_unicode_ci NOT NULL,
  `created_at` timestamp NOT NULL,
  `updated_at` timestamp NOT NULL,
  PRIMARY KEY (`id`),
  UNIQUE KEY `config_contact_key_unique` (`contact_key`),
  UNIQUE KEY `config_contact_contact_key_unique` (`contact_key`)
) ENGINE=InnoDB AUTO_INCREMENT=34 DEFAULT CHARSET=utf8mb4 COLLATE=utf8mb4_unicode_ci;
/*!40101 SET character_set_client = @saved_cs_client */;

--
-- Dumping data for table `config`
--

LOCK TABLES `config` WRITE;
/*!40000 ALTER TABLE `config` DISABLE KEYS */;
INSERT INTO `config` VALUES (1,'Phone Number','phone_number','text','0000-00-00 00:00:00','2023-06-16 13:43:56'),(2,'Email','email','text','0000-00-00 00:00:00','0000-00-00 00:00:00'),(12,'Address','address','text','2023-05-31 23:45:47','2023-06-01 00:12:59'),(13,'Image Contact','address_image','image','2023-06-01 00:06:34','2023-06-01 08:45:27'),(14,'Address','address_textarea','textarea','2023-06-01 00:10:25','2023-06-01 00:10:25'),(15,'Work Time','work_time','text','2023-06-01 00:10:25','2023-06-01 00:10:25'),(16,'Facebook Link','fb_link','text','2023-06-01 00:10:25','2023-06-01 00:10:25'),(17,'Youtube Link','yt_link','text','2023-06-01 00:10:25','2023-06-01 00:10:25'),(18,'Image Member','image_member','image','2023-06-01 00:10:25','2023-06-01 00:10:25'),(19,'Image Culture','image_culture','image','2023-06-01 00:10:25','2023-06-01 00:10:25'),(20,'Member Information','member_info','texteditor','2023-06-01 00:10:25','2023-06-01 00:10:25'),(21,'Culture Information','culture_info','texteditor','2023-06-01 00:10:25','2023-06-01 00:10:25'),(22,'AboutUs Information','aboutus_info','textarea','2023-06-01 00:10:25','2023-06-01 00:10:25'),(23,'Background information','background_info','textarea','2023-06-01 00:10:25','2023-06-01 00:10:25'),(24,'Achievement','achievement','textarea','2023-06-01 00:10:25','2023-06-01 00:10:25'),(25,'Ownership','ownership','textarea','2023-06-01 00:10:25','2023-06-01 00:10:25'),(26,'Vision','home_title_vision_message','textarea','2023-06-01 00:10:25','2023-06-01 00:10:25'),(27,'Mision','home_title_mission_message','textarea','2023-06-01 00:10:25','2023-06-01 00:10:25'),(28,'Creativity','creativity_info','textarea','2023-06-01 00:10:25','2023-06-01 00:10:25'),(29,'Enthusiasm','enthusiasm_info','textarea','2023-06-01 00:10:25','2023-06-01 00:10:25'),(30,'Human Values','human_values_info','textarea','2023-06-01 00:10:25','2023-06-01 00:10:25'),(31,'Resonance','resonance_info','textarea','2023-06-01 00:10:25','2023-06-01 00:10:25'),(32,'Sharing','sharing_info','textarea','2023-06-01 00:10:25','2023-06-01 00:10:25'),(33,'Assertiveness','assertiveness_info','textarea','2023-06-01 00:10:25','2023-06-01 00:10:25');
/*!40000 ALTER TABLE `config` ENABLE KEYS */;
UNLOCK TABLES;

--
-- Table structure for table `config_translates`
--

DROP TABLE IF EXISTS `config_translates`;
/*!40101 SET @saved_cs_client     = @@character_set_client */;
/*!50503 SET character_set_client = utf8mb4 */;
CREATE TABLE `config_translates` (
  `id` int NOT NULL AUTO_INCREMENT,
  `config_id` int DEFAULT NULL,
  `language_code` varchar(45) COLLATE utf8mb4_unicode_ci DEFAULT NULL,
  `value` text COLLATE utf8mb4_unicode_ci,
  PRIMARY KEY (`id`)
) ENGINE=InnoDB AUTO_INCREMENT=74 DEFAULT CHARSET=utf8mb4 COLLATE=utf8mb4_unicode_ci;
/*!40101 SET character_set_client = @saved_cs_client */;

--
-- Dumping data for table `config_translates`
--

LOCK TABLES `config_translates` WRITE;
/*!40000 ALTER TABLE `config_translates` DISABLE KEYS */;
INSERT INTO `config_translates` VALUES (27,1,'en','+84 911 675 086'),(28,2,'en','hrdept.bravo@gmail.com'),(29,12,'en','3'),(30,14,'en','60 Le Quang Dao, Bac My Phu Ward, Ngu Hanh Son District, Da Nang 50000'),(31,1,'vi','+84 911 675 086'),(32,2,'vi','hrdept.bravo@gmail.com'),(33,12,'vi','7'),(34,14,'vi','60 Lê Quang Đạo, phường Bắc Mỹ Phú Quận Ngũ Hành Sơn, Da Nang 50000'),(35,13,'en','1686934647-img.jpg'),(36,15,'en','Always open'),(37,15,'vi','Luôn mở cửa'),(38,16,'en','https://www.facebook.com/090bravo/about'),(39,16,'vi','https://www.facebook.com/090bravo/about'),(40,17,'en','https://www.youtube.com/'),(41,17,'vi','https://www.youtube.com/'),(42,18,'en','1686976307-img.jpg'),(43,18,'vi','1686976274-img.jpg'),(44,19,'en','1686976448-img.jpg'),(45,19,'vi','1686976449-img.jpg'),(46,20,'en','Joining in Bravo, what you can gain is not just a decent salary, deserved benefits, young environment, but congenial teammates who are talented, careful and enthusiastic also.<br> <br> 06 characteristics that form a perfect image of Bravo-ers are: <br> - Being enthusiastic and willingness to fight for successes <br> - A growth mindset, being innovative and creative <br>- A courage to encounter obstacles and take bigger challenge <br> - A \'can-do\' attitude, be ready to make personal growth<br> - Amicable personality to improve and success with everyone <br> - Always support colleagues in both the job and the life'),(47,20,'vi','Đến với Bravo, thứ bạn có được không chỉ là một mức lương chất lượng, nhiều đãi ngộ xứng đáng, môi trường làm việc trẻ trung, mà còn là những người đồng đội tài năng, nhiệt huyết và tận tình. <br>\r\n                        <br> 06 yếu tố làm nên một Bravo-ers hoàn hảo: <br>- Tinh thần nhiệt huyết, luôn sẵn sàng chiến đấu <br>- Tinh thần hướng đến tư duy đổi mới - sáng tạo <br>- Thái độ ham học hỏi, tìm tòi và phát triển bản thân <br>- Hòa đồng, thân thiện, cùng nhau tiến bộ và thành công <br>- Luôn hỗ trợ lẫn nhau trong cả công việc và cuộc sống <br>- Dám đương đầu thử thách, luôn hướng tới mục tiêu cao hơn'),(48,21,'vi','1. Làm việc nhóm <br>\r\n<br>2. Chia sẻ <br>\r\n<br>3. Trao đổi thông tin <br>\r\n<br>4. Khai phá tiềm năng <br>\r\n<br>5. Trách nhiệm với tập thể <br>\r\n<br>6. Thái độ chuyên nghiệp'),(49,21,'en','Bravo builds a open-minded culture - in the thinking and in the communication style.<br><br>  Open-minded thinking is the tenacious journey honing and developing a comprehensive and creative thinking. When you become a member of Sonat Game Studio, you are going to be encouraged to studying and improving in a young and healthy working evironment where you can improve your professional job skill and perfect yourself in any aspect of live.<br><br>   Open-mined communication style is a cultural factor that Sonat Game Studio is putting the effort into nurturing. Sonat-ers are always willing to share and support each other in their careers, their daily lives, in their meals and their sleeps.  We attempt all the times to sustain a friendly atmosphere and close relationships between all Sonat-ers in the office, so that everyone can gain the most positive energy in every tasks they get.'),(50,22,'en','With the desire to bring the most relaxing moments for people all over the world, Bravo focuses on simple game types that can be easily played anytime, anywhere, suitable for all ages'),(51,22,'vi','Với niềm đam mê và mong muốn mang lại những giờ phút thư giãn nhất cho mọi người trên thế giới, Bravo tập trung vào các dòng game đơn giản, có thể dễ dàng chơi mọi lúc mọi nơi, phù hợp với mọi độ tuổi.'),(52,23,'en','Bravo Game Studio officially came into operation in 2017 and quickly became one of the potential game developing companies in Vietnam. Until now, the number of those subcribing and downloading Sonat games has reached hunreds of millions of people around the world.'),(53,24,'en','The year 2021 marks a breakthrough of Bravo Game Studio developments when Sort Water Puzzle - Color Game reached TOP 1 on Puzzle Game charts in Japan, Korea, Germany and continuously remained top for 2 months. In addition, tens of Sonat products are being available on two application markets which is Google Play and App Store. They have also achieved hundreds of millions of downloads worldwide.'),(54,25,'en','Bravo Joint Stock Company'),(55,23,'vi','Năm 2021 đánh dấu bước phát triển đột phá của Bravo Game Studio khi sản phẩm Sort Water Puzzle - Color Game đạt TOP 1 trên bảng xếp hạng Puzzle Game tại Nhật Bản, Hàn Quốc, Đức và liên tục nắm giữ top đầu trong 2 tháng liên tiếp. Bên cạnh đó, hàng chục sản phẩm của Sonat hiện đang có măt trên 2 chợ ứng dụng Google Play và App Store đã đạt được hàng trăm triệu lượt tải trên toàn Thế Giới.'),(56,24,'vi','Bravo Game Studio chính thức đi vào hoạt động từ năm 2017, nhanh chóng trở thành 1 trong những công ty phát triển game tiềm năng tại Việt Nam. Hiện nay, số người đăng ký và tải về các trò chơi của Sonat đã lên tới hàng trăm triệu người.'),(57,25,'vi','Công ty cổ phần Bravo'),(58,26,'en','Bravo\'s goal is to lead the puzzle game over the mobile entertainment market, so that we are able to prove our potential and position all over the world. This is the ideal vision that we are steping towards in the future. During the journey of making it reality, apart from a long-term developing plan, talented employees, trustworthy partners, Sonat needs your support!'),(59,27,'en','Bravo mission is to bring joys to everyone in wherever Sonat steps in the world map. We believe in the value that comes from the simplicity and attractiveness. Therefore, we constantly innovate and develop to provide users with meaningful and enjoyable experiences by simple games which are easy to play anytime, anywhere and suitable for all of ages. From that, we can affirm our stature and the mission of a dynamic, creative, pioneering Vietnamese enterprise in the field of mobile entertainment industry and community activities.'),(60,26,'vi','Bravo hướng tới mục tiêu dẫn đầu dòng game giải đố trong ngành công nghiệp giải trí di động, qua đó khẳng định tiềm năng và vị thế của mình trên toàn thế giới. Mục tiêu này là đích đến của Sonat hướng tới trong tương lai. Trong hành trình hiện thực hóa tầm nhìn chiến lược của mình, bên cạnh kế hoạch dài hạn, nhân sự tài năng, chiến lược phát triền vững mạnh, Sonat còn cần đến sự giúp sức từ phía bạn!'),(61,27,'vi','Sứ mệnh của Bravo là đem lại niềm vui, sự thư giãn và những ảnh hưởng tích cực tới những nơi Bravo chạm đến. Chúng tôi tin vào giá trị đến từ sự đơn giản và lôi cuốn, từ đó không ngừng đổi mới và phát triển để mang đến cho người dùng những trải nghiệm ý nghĩa và thú vị bằng cách cung cấp các dòng game đơn giản, có thể dễ dàng chơi mọi lúc mọi nơi, phù hợp với mọi độ tuổi. Qua đó khẳng định tầm vóc và sứ mệnh của một doanh nghiệp Việt Nam năng động, sáng tạo, tiên phong trong lĩnh vực công nghiệp giải trí di động và các hoạt động cộng đồng.'),(62,28,'en','With fantastic ideas inspired by life materials, Bravo creates distinctive values ​​which reflect our own identity in each product.'),(63,29,'en','Bravo has a grand passion for our work. We always try our best to launch the most comprehensive products. Player\'s experiences and emotional values are always the guidelines for all Bravo\'s activities.'),(64,30,'en','Bravo always appreciates human values, respects differences, and creates opportunities for all members to devote and develop. For Bravo, investing in human values ​​and business culture is investing in the sustainable development.'),(65,31,'en','Each member is an indispensable part of the organization. Bravo connects our memers on the basis of motivation, enthusiasm and mutual respect. This consensus is forces helping Bravo overcome difficulties and achieve new successes.'),(66,32,'en','Each member is an indispensable part of the organization. Bravo connects our memers on the basis of motivation, enthusiasm and mutual respect. This consensus is forces helping Bravo overcome difficulties and achieve new successes.'),(67,33,'en','With the long-term strategic vision of Sonat\'s leadership, we always strive to seize opportunities quickly, are ready to accept and conquer all challenges.'),(68,28,'vi','Với những ý tưởng táo bạo lấy cảm hứng từ chất liệu cuộc sống, Bravo cùng nhau tạo ra những giá trị khác biệt mang bản sắc Bravo cho từng sản phẩm.'),(69,29,'vi','Bravo mang trong mình đam mê nhiệt thành với công việc, luôn nỗ lực hết sức mình để đem đến những sản phẩm chỉn chu nhất. Trải nghiệm và cảm xúc của người chơi luôn là kim chỉ nam cho mọi hoạt động của Bravo.'),(70,30,'vi','Bravo luôn đề cao giá trị con người, tôn trọng sự khác biệt và tạo cơ hội để mọi nhân sự cống hiến và phát triển. Với Bravo, đầu tư xây dựng giá trị con người và văn hóa doạnh nghiệp là đầu tư cho sự phát triển bền vững.'),(71,31,'vi','Mỗi thành viên là một mắt xích không thể thiếu trong bộ máy tổ chức. Bravo gắn kết các cá nhân bằng sự chủ động, nhiệt tình và tôn trọng lẫn nhau. Sự sẻ chia giúp Sonat vượt mọi khó khăn và vươn tới thành công mới.'),(72,32,'vi','Thành công không của riêng ai. Thành công đến từ sự đồng lòng và đoàn kết của tập thể. Cho đi để nhận lại, cống hiến hết mình để được đền đáp xứng đáng, đó chính phương châm phát triển tại Bravo.'),(73,33,'vi','Với tầm nhìn dài hạn mang tính chiến lược của ban lãnh đạo, Bravo luôn nỗ lực nắm bắt cơ hội nhanh chóng, sẵn sàng đón nhận và chinh phục thử thách.');
/*!40000 ALTER TABLE `config_translates` ENABLE KEYS */;
UNLOCK TABLES;

--
-- Table structure for table `contact`
--

DROP TABLE IF EXISTS `contact`;
/*!40101 SET @saved_cs_client     = @@character_set_client */;
/*!50503 SET character_set_client = utf8mb4 */;
CREATE TABLE `contact` (
  `id` int unsigned NOT NULL AUTO_INCREMENT,
  `full_name` varchar(30) CHARACTER SET utf8mb4 COLLATE utf8mb4_unicode_ci NOT NULL,
  `email` varchar(30) CHARACTER SET utf8mb4 COLLATE utf8mb4_unicode_ci NOT NULL,
  `phone` varchar(20) CHARACTER SET utf8mb4 COLLATE utf8mb4_unicode_ci NOT NULL,
  `message` text CHARACTER SET utf8mb4 COLLATE utf8mb4_unicode_ci NOT NULL,
  `created_at` timestamp NOT NULL,
  PRIMARY KEY (`id`)
) ENGINE=InnoDB AUTO_INCREMENT=19 DEFAULT CHARSET=utf8mb4 COLLATE=utf8mb4_unicode_ci;
/*!40101 SET character_set_client = @saved_cs_client */;

--
-- Dumping data for table `contact`
--

LOCK TABLES `contact` WRITE;
/*!40000 ALTER TABLE `contact` DISABLE KEYS */;
INSERT INTO `contact` VALUES (1,'Bui Phuoc','mienphi221@gmail.com','+84 799307885','Ung tuyen laravel','2023-05-23 16:21:48'),(2,'Danh','mienphi221@gmail.com','+84 799307885','Ung tuyen laravel','2023-05-23 16:21:48'),(3,'Than','mienphi221@gmail.com','+84 799307885','Ung tuyen laravel','2023-05-25 16:21:48'),(4,'tu','mienphi221@gmail.com','+84 799307885','Ung tuyen laravel','2023-05-29 16:21:48'),(5,'thuan','mienphi221@gmail.com','+84 799307885','Ung tuyen laravel','2023-05-29 16:21:48'),(6,'tuan','mienphi221@gmail.com','+84 799307885','Ung tuyen laravel','2023-05-29 16:21:48'),(7,'Phuoc','123123@gmail.com','12312312','OK','2023-06-02 15:42:55'),(8,'Phuoc3','123123@gmail.com','12312312','OK','2023-06-02 15:44:25'),(9,'ưeqewqeq','eqweqwe@gmail.com','qưeqweqwe','qewwqe','2023-06-06 07:22:44'),(10,'Phuoc','mienphi221@gmail.com','213123123213321','SP cho toi','2023-06-07 08:21:37'),(11,'123123','123','123','dqwdq','2023-06-16 22:45:07'),(12,'123123','123','123','dqwdq','2023-06-16 22:45:46'),(13,'123123','123','123','dqwdq','2023-06-16 22:46:41'),(14,'123','123','123','123123','2023-06-16 22:46:50'),(15,'123','123','123','123','2023-06-16 22:47:27'),(16,'e2','e','123','23e','2023-06-16 22:49:19'),(17,'e2','e','123','23e','2023-06-16 22:49:30'),(18,'123','123','123','123','2023-06-16 22:50:07');
/*!40000 ALTER TABLE `contact` ENABLE KEYS */;
UNLOCK TABLES;

--
-- Table structure for table `languages`
--

DROP TABLE IF EXISTS `languages`;
/*!40101 SET @saved_cs_client     = @@character_set_client */;
/*!50503 SET character_set_client = utf8mb4 */;
CREATE TABLE `languages` (
  `language_code` varchar(5) CHARACTER SET utf8mb4 COLLATE utf8mb4_unicode_ci NOT NULL,
  `language_name` varchar(10) CHARACTER SET utf8mb4 COLLATE utf8mb4_unicode_ci NOT NULL,
  PRIMARY KEY (`language_code`)
) ENGINE=InnoDB DEFAULT CHARSET=utf8mb4 COLLATE=utf8mb4_unicode_ci;
/*!40101 SET character_set_client = @saved_cs_client */;

--
-- Dumping data for table `languages`
--

LOCK TABLES `languages` WRITE;
/*!40000 ALTER TABLE `languages` DISABLE KEYS */;
INSERT INTO `languages` VALUES ('en','EngLish'),('vi','VietNamese');
/*!40000 ALTER TABLE `languages` ENABLE KEYS */;
UNLOCK TABLES;

--
-- Table structure for table `migrations`
--

DROP TABLE IF EXISTS `migrations`;
/*!40101 SET @saved_cs_client     = @@character_set_client */;
/*!50503 SET character_set_client = utf8mb4 */;
CREATE TABLE `migrations` (
  `id` int unsigned NOT NULL AUTO_INCREMENT,
  `migration` varchar(255) CHARACTER SET utf8mb4 COLLATE utf8mb4_unicode_ci NOT NULL,
  `batch` int NOT NULL,
  PRIMARY KEY (`id`)
) ENGINE=InnoDB AUTO_INCREMENT=24 DEFAULT CHARSET=utf8mb4 COLLATE=utf8mb4_unicode_ci;
/*!40101 SET character_set_client = @saved_cs_client */;

--
-- Dumping data for table `migrations`
--

LOCK TABLES `migrations` WRITE;
/*!40000 ALTER TABLE `migrations` DISABLE KEYS */;
INSERT INTO `migrations` VALUES (1,'2019_12_14_000001_create_personal_access_tokens_table',1),(2,'2023_05_10_125504_users',1),(3,'2023_05_10_135505_languages',1),(4,'2023_05_10_150935_recruitments',1),(5,'2023_05_17_131642_recruitment_translate',1),(6,'2023_05_21_223711_blogs',1),(7,'2023_05_21_223826_blog_translates',1),(8,'2023_05_23_113329_post',1),(9,'2023_05_23_113903_post_translates',1),(10,'2023_05_23_162042_updatetable',2),(11,'2023_05_23_162221_updatetable',3),(13,'2023_05_26_161540_contact',4),(14,'2023_05_29_160510_contact',5),(15,'2023_05_30_140805_config_contact',6),(17,'2023_05_30_142520_edit_config_contact',7),(18,'2023_05_30_153729_edit_recruitments',7),(19,'2023_05_30_161537_edit_key_config_contact',8),(20,'2023_05_31_190445_edit_config_contact',9),(21,'2023_06_01_000853_edit_key_config_contact',10),(22,'2023_06_02_131358_edit_post_translates',11),(23,'2023_06_02_154209_dropcolum_contact',12);
/*!40000 ALTER TABLE `migrations` ENABLE KEYS */;
UNLOCK TABLES;

--
-- Table structure for table `personal_access_tokens`
--

DROP TABLE IF EXISTS `personal_access_tokens`;
/*!40101 SET @saved_cs_client     = @@character_set_client */;
/*!50503 SET character_set_client = utf8mb4 */;
CREATE TABLE `personal_access_tokens` (
  `id` bigint unsigned NOT NULL AUTO_INCREMENT,
  `tokenable_type` varchar(255) CHARACTER SET utf8mb4 COLLATE utf8mb4_unicode_ci NOT NULL,
  `tokenable_id` bigint unsigned NOT NULL,
  `name` varchar(255) CHARACTER SET utf8mb4 COLLATE utf8mb4_unicode_ci NOT NULL,
  `token` varchar(64) CHARACTER SET utf8mb4 COLLATE utf8mb4_unicode_ci NOT NULL,
  `abilities` text CHARACTER SET utf8mb4 COLLATE utf8mb4_unicode_ci,
  `last_used_at` timestamp NULL DEFAULT NULL,
  `expires_at` timestamp NULL DEFAULT NULL,
  `created_at` timestamp NULL DEFAULT NULL,
  `updated_at` timestamp NULL DEFAULT NULL,
  PRIMARY KEY (`id`),
  UNIQUE KEY `personal_access_tokens_token_unique` (`token`),
  KEY `personal_access_tokens_tokenable_type_tokenable_id_index` (`tokenable_type`,`tokenable_id`)
) ENGINE=InnoDB DEFAULT CHARSET=utf8mb4 COLLATE=utf8mb4_unicode_ci;
/*!40101 SET character_set_client = @saved_cs_client */;

--
-- Dumping data for table `personal_access_tokens`
--

LOCK TABLES `personal_access_tokens` WRITE;
/*!40000 ALTER TABLE `personal_access_tokens` DISABLE KEYS */;
/*!40000 ALTER TABLE `personal_access_tokens` ENABLE KEYS */;
UNLOCK TABLES;

--
-- Table structure for table `post_translates`
--

DROP TABLE IF EXISTS `post_translates`;
/*!40101 SET @saved_cs_client     = @@character_set_client */;
/*!50503 SET character_set_client = utf8mb4 */;
CREATE TABLE `post_translates` (
  `id` int unsigned NOT NULL AUTO_INCREMENT,
  `post_id` int unsigned NOT NULL,
  `language_code` varchar(5) CHARACTER SET utf8mb4 COLLATE utf8mb4_unicode_ci NOT NULL,
  `title` varchar(255) CHARACTER SET utf8mb4 COLLATE utf8mb4_unicode_ci NOT NULL,
  `content` longtext CHARACTER SET utf8mb4 COLLATE utf8mb4_unicode_ci NOT NULL,
  `description` varchar(2000) CHARACTER SET utf8mb4 COLLATE utf8mb4_unicode_ci NOT NULL,
  PRIMARY KEY (`id`),
  KEY `post_translates_post_id_foreign` (`post_id`),
  KEY `post_translates_language_code_foreign` (`language_code`),
  CONSTRAINT `post_translates_language_code_foreign` FOREIGN KEY (`language_code`) REFERENCES `languages` (`language_code`) ON DELETE CASCADE,
  CONSTRAINT `post_translates_post_id_foreign` FOREIGN KEY (`post_id`) REFERENCES `posts` (`id`) ON DELETE CASCADE
) ENGINE=InnoDB AUTO_INCREMENT=5 DEFAULT CHARSET=utf8mb4 COLLATE=utf8mb4_unicode_ci;
/*!40101 SET character_set_client = @saved_cs_client */;

--
-- Dumping data for table `post_translates`
--

LOCK TABLES `post_translates` WRITE;
/*!40000 ALTER TABLE `post_translates` DISABLE KEYS */;
INSERT INTO `post_translates` VALUES (1,1,'en','Our Culture And People','<div class=\"heading\">Bravo\'s Culture</div>\r\n                <div class=\"message\">Bravo builds a open-minded culture - in the thinking and in the communication style.\r\n                </div>\r\n                <div class=\"image\">\r\n                    <img src=\"/assets/img/load_2.jpeg\">\r\n                </div>\r\n                <div class=\"message\">Open-minded thinking is the tenacious journey honing and developing a comprehensive and creative thinking. When you become a member of Sonat Game Studio a.k.a Sonat-er, you are going to be encouraged to studying and improving in a young and healthy working evironment. Not only the improvement in professional job skills, Sonat-ers are able to perfect themselves in many aspects of their lives. Being an Sonat-er, therefore, every contribution can be recognized and valued.<br>  Open-mined communication style is a cultural factor that Sonat Game Studio is putting the effort into nurturing. Sonat-ers are always willing to share and support each other in their careers, their daily lives, in their meals and their sleeps. As a business in the mobile entertainment industry, Sonat understands the crucial role of mental health in each employees\' life. For that reason, we attempt all the times to sustain a friendly atmosphere and close relationships between all Sonat-ers in the office, so that everyone can gain the most positive energy in every tasks they get.</div>','Sonat desires to create an equal and open-minded working environment. At Sonat, every employee is capable of performing their abilities and passiones. You will have co-workers who are by your side through all missions, then you can enjoy all the great successes that are reached by your contributions.'),(2,1,'vi','Văn Hóa & Con Người.','<div class=\"heading\">Văn Hóa Ở Bravo</div>\r\n                <div class=\"message\">Bravo xây dựng một nền văn hóa cởi mở, với 6 nét đặc trưng bao gồm: </div>\r\n                <div class=\"image\">\r\n                    <img src=\"/assets/img/load_2.jpeg\">\r\n                </div>\r\n                <div class=\"message\">1. Làm việc nhóm <br>\r\n                    <br>- Coi trọng sự hợp tác cùng phát triển giữa mọi thành viên <br>\r\n                    <br>- Kết quả của nhóm thể hiện thành quả làm việc của cá nhân <br>\r\n                    <br>- Một tập thể cùng học hỏi, cùng tiến bộ và cùng thành công <br>\r\n                    <br>- Cộng hưởng và cùng hưởng <br>\r\n                    <br> 2. Chia sẻ <br>\r\n                    <br>- Quan tâm và giúp đỡ lẫn nhau từ công việc đến cuộc sống <br>\r\n                    <br>- Kết nối cùng mọi người và tạo ra những niềm vui mỗi ngày <br>\r\n                    <br>- Được lắng nghe và đối xử công bằng <br>\r\n                    <br> 3. Trao đổi thông tin <br>\r\n                    <br>- Tạo điều kiện tìm kiếm thông tin, dữ liệu công việc khi cần thiết <br>\r\n                    <br>- Lắng nghe và được lắng nghe, từ đó tìm ra giải pháp cho vấn đề <br>\r\n                    <br>- Nói không với các luồng thông tin sai lệch, tin đồn gây chia rẽ nội bộ <br>\r\n                    <br>- Chia sẻ quan điểm cá nhân, bàn bạc và trao đổi một cách dân chủ <br>\r\n                    <br> 4. Khai phá tiềm năng <br>\r\n                    <br>- Luôn hướng tới mục tiêu lớn hơn <br>\r\n                    <br>- Không ngừng sáng tạo cải tiến và phát triển <br>\r\n                    <br>- Nhìn nhận và coi trọng năng lực hiện hữu của mỗi cá nhân <br>\r\n                    <br>- Khuyến khích nhân viên học hỏi và hoàn thiện bản thân mỗi ngày <br>\r\n                    <br>- Được tin tưởng và trao cơ hội cho những trọng trách cao hơn khi sẵn sàng <br>\r\n                    <br> 5. Trách nhiệm với tập thể <br>\r\n                    <br>- Tuân thủ nội quy và các chuẩn mực công việc tại công ty <br>\r\n                    <br>- Có trách nhiệm với mọi nhiệm vụ được giao <br>\r\n                    <br>- Nỗ lực hoàn thành công việc và tạo ra thành quả xứng đáng <br>\r\n                    <br>- Luôn hướng tới mục tiêu chung của tập thể <br>\r\n                    <br> 6. Thái độ chuyên nghiệp <br>\r\n                    <br>- Kiểm soát hiệu quả cảm xúc cá nhân, biết tôn trọng và lắng nghe lẫn nhau <br>\r\n                    <br>- Hướng đến mục tiêu cuối cùng để vạch ra phương hướng giải quyết vấn đề <br>\r\n                    <br>- Chấp hành nghiêm túc quy trình làm việc, đảm bảo tiến độ công việc <br>\r\n                    <br>- Dám đối mặt, không sợ hãi khó khăn, không trốn tránh, không đổ lỗi\r\n                </div>','Sonat luôn hướng đến xây dựng một môi trường làm việc công bằng và cởi mở. Tại đây, tất cả mọi người đều có thể phát huy tối đa năng lực và niềm đam mê của mình. Bạn sẽ có những người đồng hành trong sự nghiệp, cùng nhau hưởng những thành quả xứng đáng với sự đóng góp của bản thân..'),(3,2,'en','Office and Working Conditions','<div class=\"heading\">An Achievement Of Sonat Leaders</div>\r\n                <div class=\"message\">The new office based in Bamboo Airways Tower\'s 11th floor is the achievement of Bravo CEO - Mr. Hoang Do after months and months. From the first architectural plan to the last decorative step, all of corners was created from his thoughtfulness. This is not just a remarkable success of Sonat at the moment, but the affirmation that Sonat is going to achieve much more in the long run.\r\n                </div>\r\n                <div class=\"image\">\r\n                    <img src=\"/assets/img/contact.jpeg\">\r\n                </div>\r\n                <div class=\"message\">Due to this current decent working condition, Bravo Team are having more motivations to devote and conquer the aim \"TOP 1 Worldwide Puzzle Game\" together in the future</div>','Our office is not only a woking space, but a place inspiring each employee\'s ideas also. Therefore, improving the working condition, creating a modern, friendly and qualified office is one of the priorites of Sonat leaders.'),(4,2,'vi','Văn Phòng & Điều Kiện Làm Việc','<div class=\"heading\">Tâm huyết của Đội ngũ Lãnh đạo</div>\r\n                <div class=\"message\">Văn phòng mới tại tầng 11 tại BamBoo Airways Tower  là tâm huyết trong nhiều tháng trời của CEO Brao - anh Hoàng Đỗ.  Từ khâu thiết kế, thi công  đến lựa chọn nội thất, cảnh quan đều được trau chuốt vô cùng tỉ mỉ, kỹ lưỡng. Đây không chỉ là cột mốc ghi nhớ thành công của Sonat trong thời gian qua mà chính là lời khẳng định hướng đến tương lai với những mục tiêu cao hơn nữa.\r\n                </div>\r\n                <div class=\"image\">\r\n                    <img src=\"/assets/img/contact.jpeg\">\r\n                </div>\r\n                <div class=\"message\">Với điều kiện làm việc tốt như hiện tại, Bravo Team sẽ càng có thêm động lực, có thêm những nguồn cảm hứng để làm việc, cống hiến, chinh phục mục tiêu \"TOP 1 Puzzle Game\" Toàn cầu trong tương lai.</div>','Văn phòng không chỉ là không gian làm việc mà còn là nơi khơi nguồn ý tưởng cho mỗi cá nhân. Chính vì vậy, cải thiện điều kiện làm việc, hướng tới xây dựng văn phòng \"hiện đại, thân thiện, chất lượng\" là mong muốn hàng đầu của đội ngũ lãnh đạo Sonat Game Studio.');
/*!40000 ALTER TABLE `post_translates` ENABLE KEYS */;
UNLOCK TABLES;

--
-- Table structure for table `posts`
--

DROP TABLE IF EXISTS `posts`;
/*!40101 SET @saved_cs_client     = @@character_set_client */;
/*!50503 SET character_set_client = utf8mb4 */;
CREATE TABLE `posts` (
  `id` int unsigned NOT NULL AUTO_INCREMENT,
  `images` text CHARACTER SET utf8mb4 COLLATE utf8mb4_unicode_ci NOT NULL,
  `type` varchar(255) CHARACTER SET utf8mb4 COLLATE utf8mb4_unicode_ci NOT NULL,
  `created_at` timestamp NOT NULL,
  `updated_at` timestamp NULL DEFAULT NULL,
  PRIMARY KEY (`id`)
) ENGINE=InnoDB AUTO_INCREMENT=3 DEFAULT CHARSET=utf8mb4 COLLATE=utf8mb4_unicode_ci;
/*!40101 SET character_set_client = @saved_cs_client */;

--
-- Dumping data for table `posts`
--

LOCK TABLES `posts` WRITE;
/*!40000 ALTER TABLE `posts` DISABLE KEYS */;
INSERT INTO `posts` VALUES (1,'[\"boot1.jpg\",\"boot2.jpg\",\"boot3.jpg\",\"boot4.jpg\",\"boot5.jpg\",\"boot6.jpg\",\"boot7.jpg\",\"boot8.jpg\",\"boot9.jpg\"]','member','2023-05-24 06:35:07',NULL),(2,'[\"room_1.jpeg\",\"room_2.jpeg\",\"room_3.jpeg\",\"room_4.jpeg\",\"room_5.jpeg\",\"room_6.jpeg\"]','office','2023-05-24 06:35:22',NULL);
/*!40000 ALTER TABLE `posts` ENABLE KEYS */;
UNLOCK TABLES;

--
-- Table structure for table `recruitment_translates`
--

DROP TABLE IF EXISTS `recruitment_translates`;
/*!40101 SET @saved_cs_client     = @@character_set_client */;
/*!50503 SET character_set_client = utf8mb4 */;
CREATE TABLE `recruitment_translates` (
  `id` int unsigned NOT NULL AUTO_INCREMENT,
  `recruitment_id` int unsigned NOT NULL,
  `language_code` varchar(5) CHARACTER SET utf8mb4 COLLATE utf8mb4_unicode_ci NOT NULL,
  `title` varchar(255) CHARACTER SET utf8mb4 COLLATE utf8mb4_unicode_ci NOT NULL,
  `content` text CHARACTER SET utf8mb4 COLLATE utf8mb4_unicode_ci NOT NULL,
  `description` varchar(255) CHARACTER SET utf8mb4 COLLATE utf8mb4_unicode_ci NOT NULL,
  PRIMARY KEY (`id`),
  KEY `recruitment_translates_recruitment_id_foreign` (`recruitment_id`),
  KEY `recruitment_translates_language_code_foreign` (`language_code`),
  CONSTRAINT `recruitment_translates_language_code_foreign` FOREIGN KEY (`language_code`) REFERENCES `languages` (`language_code`) ON DELETE CASCADE,
  CONSTRAINT `recruitment_translates_recruitment_id_foreign` FOREIGN KEY (`recruitment_id`) REFERENCES `recruitments` (`id`) ON DELETE CASCADE
) ENGINE=InnoDB AUTO_INCREMENT=7 DEFAULT CHARSET=utf8mb4 COLLATE=utf8mb4_unicode_ci;
/*!40101 SET character_set_client = @saved_cs_client */;

--
-- Dumping data for table `recruitment_translates`
--

LOCK TABLES `recruitment_translates` WRITE;
/*!40000 ALTER TABLE `recruitment_translates` DISABLE KEYS */;
INSERT INTO `recruitment_translates` VALUES (3,17,'en','3D Animation Game','<p>- Coordinate with Game Design, Artist and Dev to ensure the best and most suitable animation. Contribute to the design process and graphic orientation of the project.</p><p>- Based on the concept, the model is available, rigging and skinning for any character or object in the game.</p><p>- In charge of testing and evaluating 3D quality for quality products on the market.</p><p>- Crafting movements for characters and objects.</p><p>- Collaborate with the entire team to make the product look beautiful and run smoothly.</p><p>- Complete 3D (ani, model, textures, effects....) on Unity.</p><p>*Job requirements</p><p>- Knowledge of handdrawing, digital painting is an advantage</p><p>- Knowing how to use animation tools like Dragon Bone, Spine, Unity, ... is an advantage</p><p>- Proficient in using 3Ds Max, 3D Maya, Photoshop, After Effects, Particle System (Unity)...</p><p>- Know skining, rigging, doing animation work, character rendering</p><p>- Have good skills in 3D Modeling, Paint Texture.</p><p>- The spirit of being receptive to work, progressive, enthusiastic and passionate about products. Feel good animation, have aesthetic eyes.</p><p>Email: dovanhoang.inc@gmail.com</p><p>Phone: 0326 796 904</p>','Collaborate with Game Design, Artist and Dev to ensure the best, most appropriate animation. Contribute to the design process and graphic orientation of the project.'),(4,17,'vi','3D Animation Game','<div dir=\"auto\" style=\"font-family: system-ui, -apple-system, &quot;system-ui&quot;, &quot;.SFNSText-Regular&quot;, sans-serif; color: rgb(5, 5, 5); font-size: 15px; white-space-collapse: preserve;\">- Phối hợp với Game Design, Artist và Dev để đảm bảo animation đẹp, phù hợp nhất. Tham gia đóng góp vào quá trình thiết kế và định hướng đồ họa dự án.</div><div dir=\"auto\" style=\"font-family: system-ui, -apple-system, &quot;system-ui&quot;, &quot;.SFNSText-Regular&quot;, sans-serif; color: rgb(5, 5, 5); font-size: 15px; white-space-collapse: preserve;\">- Dựa trên concept, model có sẵn, rigging và skinning cho nhân vật hoặc object bất kì trong game.</div><div dir=\"auto\" style=\"font-family: system-ui, -apple-system, &quot;system-ui&quot;, &quot;.SFNSText-Regular&quot;, sans-serif; color: rgb(5, 5, 5); font-size: 15px; white-space-collapse: preserve;\">- Phụ trách kiểm định, đánh giá chất lượng 3D cho các sản phẩm có chất lượng trên thị trường.</div><div dir=\"auto\" style=\"font-family: system-ui, -apple-system, &quot;system-ui&quot;, &quot;.SFNSText-Regular&quot;, sans-serif; color: rgb(5, 5, 5); font-size: 15px; white-space-collapse: preserve;\">- <span style=\"font-family: inherit;\"><a tabindex=\"-1\" style=\"color: rgb(56, 88, 152); cursor: pointer; font-family: inherit;\"></a></span>Chế tác chuyển động cho nhân vật, object.</div><div dir=\"auto\" style=\"font-family: system-ui, -apple-system, &quot;system-ui&quot;, &quot;.SFNSText-Regular&quot;, sans-serif; color: rgb(5, 5, 5); font-size: 15px; white-space-collapse: preserve;\">- Phối hợp với toàn bộ các đội để sản phẩm đẹp và chạy mượt mà nhất.</div><div dir=\"auto\" style=\"font-family: system-ui, -apple-system, &quot;system-ui&quot;, &quot;.SFNSText-Regular&quot;, sans-serif; color: rgb(5, 5, 5); font-size: 15px; white-space-collapse: preserve;\">- Hoàn thiện 3D (ani, model, textures, effect….) trên Unity.</div><div dir=\"auto\" style=\"font-family: system-ui, -apple-system, &quot;system-ui&quot;, &quot;.SFNSText-Regular&quot;, sans-serif; color: rgb(5, 5, 5); font-size: 15px; white-space-collapse: preserve;\">*Yêu cầu công việc</div><div dir=\"auto\" style=\"font-family: system-ui, -apple-system, &quot;system-ui&quot;, &quot;.SFNSText-Regular&quot;, sans-serif; color: rgb(5, 5, 5); font-size: 15px; white-space-collapse: preserve;\">- Biết handrawing, digital painting là một lợi thế</div><div dir=\"auto\" style=\"font-family: system-ui, -apple-system, &quot;system-ui&quot;, &quot;.SFNSText-Regular&quot;, sans-serif; color: rgb(5, 5, 5); font-size: 15px; white-space-collapse: preserve;\">- Biết sử dụng thành thạo công cụ làm animation như Dragon Bone, Spine, Unity,... là một lợi thế</div><div dir=\"auto\" style=\"font-family: system-ui, -apple-system, &quot;system-ui&quot;, &quot;.SFNSText-Regular&quot;, sans-serif; color: rgb(5, 5, 5); font-size: 15px; white-space-collapse: preserve;\">- Sử dụng thành thạo 3Ds Max, 3D Maya, Photoshop, After Effects, Particle System (Unity)…</div><div dir=\"auto\" style=\"font-family: system-ui, -apple-system, &quot;system-ui&quot;, &quot;.SFNSText-Regular&quot;, sans-serif; color: rgb(5, 5, 5); font-size: 15px; white-space-collapse: preserve;\">- Biết skining, rigging, thực hiện công việc animation, diễn họa nhân vật</div><div dir=\"auto\" style=\"font-family: system-ui, -apple-system, &quot;system-ui&quot;, &quot;.SFNSText-Regular&quot;, sans-serif; color: rgb(5, 5, 5); font-size: 15px; white-space-collapse: preserve;\">- Có kỹ năng tốt về dựng hình nhân vật 3D Modeling, Paint Texture.</div><div dir=\"auto\" style=\"font-family: system-ui, -apple-system, &quot;system-ui&quot;, &quot;.SFNSText-Regular&quot;, sans-serif; color: rgb(5, 5, 5); font-size: 15px; white-space-collapse: preserve;\">- Tinh thần chịu tiếp thu công việc, cầu tiến, nhiệt tình đam mê với sản phẩm. Cảm nhận hoạt họa tốt, có mắt thẩm mỹ.</div><div dir=\"auto\" style=\"font-family: system-ui, -apple-system, &quot;system-ui&quot;, &quot;.SFNSText-Regular&quot;, sans-serif; color: rgb(5, 5, 5); font-size: 15px; white-space-collapse: preserve;\">Email: dovanhoang.inc@gmail.com </div><div dir=\"auto\" style=\"font-family: system-ui, -apple-system, &quot;system-ui&quot;, &quot;.SFNSText-Regular&quot;, sans-serif; color: rgb(5, 5, 5); font-size: 15px; white-space-collapse: preserve;\">Phone: 0326 796 904</div>','Phối hợp với Game Design, Artist và Dev để đảm bảo animation đẹp, phù hợp nhất. Tham gia đóng góp vào quá trình thiết kế và định hướng đồ họa dự án.'),(5,18,'en','123','<p>12313</p>','213'),(6,18,'vi','4214','<p>124124</p>','4124');
/*!40000 ALTER TABLE `recruitment_translates` ENABLE KEYS */;
UNLOCK TABLES;

--
-- Table structure for table `recruitments`
--

DROP TABLE IF EXISTS `recruitments`;
/*!40101 SET @saved_cs_client     = @@character_set_client */;
/*!50503 SET character_set_client = utf8mb4 */;
CREATE TABLE `recruitments` (
  `id` int unsigned NOT NULL AUTO_INCREMENT,
  `image` varchar(50) CHARACTER SET utf8mb4 COLLATE utf8mb4_unicode_ci NOT NULL,
  `status` enum('active','inactive') COLLATE utf8mb4_unicode_ci NOT NULL DEFAULT 'active',
  `created_at` timestamp NOT NULL,
  `updated_at` timestamp NULL DEFAULT NULL,
  `deleted_at` timestamp NULL DEFAULT NULL,
  PRIMARY KEY (`id`)
) ENGINE=InnoDB AUTO_INCREMENT=19 DEFAULT CHARSET=utf8mb4 COLLATE=utf8mb4_unicode_ci;
/*!40101 SET character_set_client = @saved_cs_client */;

--
-- Dumping data for table `recruitments`
--

LOCK TABLES `recruitments` WRITE;
/*!40000 ALTER TABLE `recruitments` DISABLE KEYS */;
INSERT INTO `recruitments` VALUES (17,'1686987681-img.jpg','active','2023-06-16 11:36:31',NULL,NULL),(18,'1686890982-img.jpg','inactive','2023-06-16 11:49:43',NULL,'2023-06-17 14:43:02');
/*!40000 ALTER TABLE `recruitments` ENABLE KEYS */;
UNLOCK TABLES;

--
-- Table structure for table `users`
--

DROP TABLE IF EXISTS `users`;
/*!40101 SET @saved_cs_client     = @@character_set_client */;
/*!50503 SET character_set_client = utf8mb4 */;
CREATE TABLE `users` (
  `id` int unsigned NOT NULL AUTO_INCREMENT,
  `email` varchar(30) CHARACTER SET utf8mb4 COLLATE utf8mb4_unicode_ci NOT NULL,
  `password` varchar(100) CHARACTER SET utf8mb4 COLLATE utf8mb4_unicode_ci NOT NULL,
  `token` varchar(150) CHARACTER SET utf8mb4 COLLATE utf8mb4_unicode_ci NOT NULL,
  PRIMARY KEY (`id`)
) ENGINE=InnoDB AUTO_INCREMENT=2 DEFAULT CHARSET=utf8mb4 COLLATE=utf8mb4_unicode_ci;
/*!40101 SET character_set_client = @saved_cs_client */;

--
-- Dumping data for table `users`
--

LOCK TABLES `users` WRITE;
/*!40000 ALTER TABLE `users` DISABLE KEYS */;
INSERT INTO `users` VALUES (1,'bravo@gmail.com','$2y$10$92IXUNpkjO0rOQ5byMi.Ye4oKoEa3Ro9llC/.og/at2.uheWG/igi','6d6f756772384d3176576a6a696b394d44325970');
/*!40000 ALTER TABLE `users` ENABLE KEYS */;
UNLOCK TABLES;
/*!40103 SET TIME_ZONE=@OLD_TIME_ZONE */;

/*!40101 SET SQL_MODE=@OLD_SQL_MODE */;
/*!40014 SET FOREIGN_KEY_CHECKS=@OLD_FOREIGN_KEY_CHECKS */;
/*!40014 SET UNIQUE_CHECKS=@OLD_UNIQUE_CHECKS */;
/*!40101 SET CHARACTER_SET_CLIENT=@OLD_CHARACTER_SET_CLIENT */;
/*!40101 SET CHARACTER_SET_RESULTS=@OLD_CHARACTER_SET_RESULTS */;
/*!40101 SET COLLATION_CONNECTION=@OLD_COLLATION_CONNECTION */;
/*!40111 SET SQL_NOTES=@OLD_SQL_NOTES */;

-- Dump completed on 2023-06-19 11:08:57
